iceberg_id,timestamp,lat,lon,area_km2,u_wind,v_wind,u_current,v_current,segment_hours,length_km,width_km,sensor
A23A,2026-01-01,-53.07,-40.37,572.0,-0.3921051025390625,2.7454833984375,-0.03368290141224861,0.11461104452610016,,26.0,22.0,nic
A23A,2026-01-05,-52.811949999999996,-40.87965,572.0,2.1122570037841797,3.932614326477051,-0.0034494394494686276,0.106407071929425,96.0,26.0,22.0,ascat
A23A,2026-01-07,-52.7599,-41.061499999999995,572.0,7.626773834228516,-2.1778392791748047,0.011407424253775389,0.09485351480543613,48.0,26.0,22.0,ascat
A23A,2026-01-09,-52.98,-40.88,572.0,6.368381500244141,4.512067794799805,-0.0417013849128125,0.09203915670514107,48.0,26.0,22.0,nic
A23A,2026-01-13,-52.95484999999999,-41.22915,572.0,3.8398075103759766,-0.8736209869384766,-0.06522163737099618,0.056830789195373654,96.0,26.0,22.0,ascat
A23A,2026-01-15,-52.8998,-41.1543,572.0,7.517620086669922,-5.749828338623047,-0.022873067413456738,0.0662259440869093,48.0,26.0,22.0,ascat
A23A,2026-01-17,-52.8493,-40.98765,572.0,8.74995231628418,-4.617706298828125,-0.010305569623596966,0.02666059322655201,48.0,26.0,22.0,ascat
A23A,2026-01-19,-52.8532,-40.9043,572.0,7.995244979858398,-0.06753730773925781,0.010200354037806392,0.023680857149884105,48.0,26.0,22.0,ascat
A23A,2026-01-21,-52.8403,-40.1011,572.0,8.54165267944336,0.4091949462890625,0.057180394884198904,0.08319444046355784,48.0,26.0,22.0,ascat
A23A,2026-01-23,-52.31,-41.49,572.0,7.7541351318359375,-1.73333740234375,0.025641890533734113,0.08472500345669687,48.0,26.0,22.0,nic
A23A,2026-01-29,-51.64,-41.41,572.0,6.828257242838542,-1.1988932291666667,0.12098659357676904,0.24070097940663496,144.0,26.0,22.0,nic
A23A,2026-02-02,-52.536,-39.605,572.0,8.02475643157959,-0.48092174530029297,0.05534364850609563,0.1107835279108258,96.0,26.0,22.0,ascat
A23A,2026-02-04,-52.5011,-39.57685,572.0,7.631448745727539,-2.9602088928222656,0.056178104132413864,-0.012846869125496596,48.0,26.0,22.0,ascat
A23A,2026-02-06,-52.4457,-39.5019,572.0,7.052925109863281,-2.882844924926758,0.0736787710338831,-0.013038346427492797,48.0,26.0,22.0,ascat
A23A,2026-02-08,-52.367,-39.6392,572.0,4.63494873046875,0.28013038635253906,0.06486618285998702,0.02644730149768293,48.0,26.0,22.0,ascat
A23A,2026-02-10,-52.421099999999996,-39.720650000000006,572.0,6.843990325927734,1.2674846649169922,0.09862568229436874,-0.0073266723193228245,48.0,26.0,22.0,ascat
A23A,2026-02-12,-48.95,-40.64,572.0,3.934682846069336,-8.763360977172852,0.20809681108221412,-0.12169224710669369,48.0,26.0,22.0,nic
A23A,2026-02-18,-48.02,-34.61,572.0,7.792561213175456,-0.9886900583902994,0.4578937745342652,0.0922214228194207,144.0,26.0,22.0,nic
A23A,2026-02-28,-48.05605,-32.4185,168.0,1.9056873321533203,-8.843048095703125,0.1069803083082661,-0.20489774458110332,48.0,14.0,12.0,ascat
A23A,2026-03-02,-48.40115,-33.117900000000006,168.0,6.252315521240234,-0.07220840454101562,-0.289459565654397,-0.19891761243343353,48.0,14.0,12.0,ascat
A23A,2026-03-04,-48.6536,-33.65615,168.0,6.065040588378906,-2.5785350799560547,-0.12860256200656295,-0.11935057025402784,48.0,14.0,12.0,ascat
A23A,2026-03-06,-48.889849999999996,-33.70485,63.0,6.689493179321289,-5.489717483520508,0.026504924055188894,-0.07897824700921774,48.0,9.0,7.0,ascat
A23A,2026-03-08,-48.9124,-33.5498,63.0,6.933080673217773,-2.0055999755859375,0.052094836719334126,-0.04277873714454472,48.0,9.0,7.0,ascat
A23A,2026-03-10,-49.0202,-33.1072,63.0,0.23077774047851562,7.896690368652344,0.08344520663376898,-0.10674013069365174,48.0,9.0,7.0,ascat
A23A,2026-03-12,-48.95,-31.79,63.0,5.888370513916016,7.259450912475586,0.3115548714995384,0.0406756573356688,48.0,9.0,7.0,nic
A23A,2026-03-14,-48.76325,-30.810850000000002,63.0,6.746358871459961,0.5932254791259766,0.30813615769147873,0.2543966732919216,48.0,9.0,7.0,ascat
A23A,2026-03-16,-48.62225,-30.6803,63.0,2.9113388061523438,-1.3485221862792969,0.2646770551800728,0.10691243223845959,48.0,9.0,7.0,ascat
A23A,2026-03-18,-48.59035,-30.6256,63.0,2.5015792846679688,-5.297891616821289,0.26925668865442276,0.11368489824235439,48.0,9.0,7.0,ascat
A23A,2026-03-20,-48.5687,-30.6433,63.0,5.578226089477539,-4.142332077026367,0.28499889373779297,0.1536608263850212,48.0,9.0,7.0,ascat
A23A,2026-03-22,-48.5693,-30.682949999999998,63.0,4.279834032058716,-2.1723270416259766,0.33001601696014404,0.11051336862146854,48.0,9.0,7.0,ascat
A23A,2026-03-24,-48.572050000000004,-30.6282,63.0,4.710575103759766,-4.111446380615234,0.3993848189711571,0.10958210192620754,48.0,9.0,7.0,ascat
A23A,2026-03-28,-48.4838,-30.3245,63.0,8.450386047363281,-0.2209644317626953,0.29425746388733387,0.11840312043204904,96.0,9.0,7.0,ascat
A23A,2026-03-30,-48.40995,-30.10935,63.0,8.356964111328125,3.1891613006591797,0.16690362617373466,0.12976681999862194,48.0,9.0,7.0,ascat
A74A,2026-01-01,-58.38,-21.63,299.0,7.6948089599609375,8.6683349609375,-0.06630226969718933,0.07916124910116196,,23.0,13.0,nic
A74A,2026-01-03,-58.2942,-21.3393,299.0,5.57939338684082,-0.14457321166992188,-0.030606194864958525,0.05094026029109955,48.0,23.0,13.0,ascat
A74A,2026-01-05,-58.23525,-21.2215,299.0,2.3554019927978516,-2.2771968841552734,0.006297847954556346,0.05077099916525185,48.0,23.0,13.0,ascat
A74A,2026-01-09,-58.3222,-21.001,299.0,-0.2085723876953125,0.44558238983154297,-0.0034291890915483236,0.024436440726276487,96.0,23.0,13.0,nic
A74A,2026-01-13,-58.296899999999994,-20.48575,299.0,3.0002079010009766,2.9182491302490234,-0.015011241601314396,0.05444444250315428,96.0,23.0,13.0,ascat
A74A,2026-01-15,-58.22235,-20.50645,299.0,9.029827117919922,-0.3228263854980469,0.029370223404839635,0.06324448436498642,48.0,23.0,13.0,ascat
A74A,2026-01-17,-58.2479,-20.0931,299.0,6.37641716003418,-3.927642822265625,0.045668510254472494,0.04657246667193249,48.0,23.0,13.0,ascat
A74A,2026-01-23,-58.16,-20.09,299.0,9.95536994934082,-1.1608537038167317,0.06459727231413126,0.05206374156599244,144.0,23.0,13.0,nic
A74A,2026-01-29,-58.27,-19.4,299.0,4.462534586588542,4.4908447265625,0.0580587213820157,0.05737566003032649,144.0,23.0,13.0,nic
A74A,2026-02-04,-58.0216,-19.7311,299.0,5.311139424641927,-2.697882334391276,0.09406680551668008,0.04585549708766242,144.0,23.0,13.0,ascat
A74A,2026-02-06,-58.01,-18.89,299.0,10.164009094238281,-1.0527667999267578,0.028279270511120558,0.06032708752900362,48.0,23.0,13.0,nic
A74A,2026-02-08,-57.8168,-18.982950000000002,299.0,6.44989013671875,-4.599508285522461,0.013451419421471655,-0.03321012808009982,48.0,23.0,13.0,ascat
A74A,2026-02-10,-57.7687,-18.9064,299.0,12.369503021240234,0.2811565399169922,0.05830059479922056,0.031106520909816027,48.0,23.0,13.0,ascat
A74A,2026-02-12,-57.9523,-18.1308,299.0,12.000722885131836,3.6151790618896484,0.06360941007733345,-0.014425978064537048,48.0,23.0,13.0,ascat
A74A,2026-02-14,-57.94785,-18.021,299.0,8.724931716918945,-7.258697509765625,0.12492847349494696,-0.04030780139146373,48.0,23.0,13.0,ascat
A74A,2026-02-18,-57.8867,-18.7645,299.0,9.262505531311035,1.1789674758911133,0.041078663256485015,-0.0009002814604173182,96.0,23.0,13.0,ascat
A74A,2026-02-20,-58.081450000000004,-17.01045,299.0,10.82833480834961,-2.6960601806640625,0.10960836423328146,-0.026844129897654057,48.0,23.0,13.0,ascat
A74A,2026-02-22,-57.7837,-18.9383,299.0,7.9473724365234375,1.4628944396972656,0.06276231337687932,-0.012834622175432742,48.0,23.0,13.0,ascat
A74A,2026-02-26,-57.8385,-18.6373,52.0,7.996230125427246,-1.1960430145263672,0.0022165052287164144,0.03904092442826368,96.0,13.0,4.0,ascat
A74A,2026-02-28,-57.87245,-18.79605,52.0,5.82243537902832,2.103851318359375,-0.010677523183403537,-0.006888479460030794,48.0,13.0,4.0,ascat
A74A,2026-03-06,-57.82,-18.94,52.0,6.008605321248372,0.7717672983805338,0.03618337999796495,0.020053475338499993,144.0,13.0,4.0,nic
A74A,2026-03-08,-57.6706,-19.4055,52.0,3.8033199310302734,-1.6357269287109375,0.08417513174936175,-0.009216498583555222,48.0,13.0,4.0,ascat
A74A,2026-03-10,-57.6252,-19.4046,52.0,3.4258460998535156,4.769126892089844,0.024507741443812847,0.003970839083194733,48.0,13.0,4.0,ascat
A74A,2026-03-12,-57.55,-19.14,52.0,8.864200592041016,4.907400131225586,0.07533965725451708,0.021475924993865192,48.0,13.0,4.0,nic
A74A,2026-03-18,-57.8924,-18.9735,52.0,10.652466456095377,0.726495107014974,0.09574201128756006,0.00406670323961104,144.0,13.0,4.0,ascat
A74A,2026-03-20,-57.83,-18.85,52.0,11.120462417602539,-0.12414360046386719,0.05688002350507304,0.022912830347195268,48.0,13.0,4.0,nic
A74A,2026-03-26,-57.9,-18.71,7.0,4.569805542627971,-1.0210742950439453,0.042462483184256904,-0.027251747747262318,144.0,7.0,1.0,nic
A76C,2026-01-01,-60.2869,-37.52435,112.0,1.3110198974609375,6.1781005859375,-0.007229339797049761,0.014558110386133194,,16.0,7.0,ascat
A76C,2026-01-03,-60.3363,-37.6739,112.0,2.9015369415283203,9.258258819580078,-0.017203142342623323,0.028450200334191322,48.0,16.0,7.0,ascat
A76C,2026-01-05,-60.3363,-37.6739,112.0,2.4461002349853516,4.004175186157227,0.011063260957598686,0.004168502986431122,48.0,16.0,7.0,ascat
A76C,2026-01-09,-60.4962,-38.040549999999996,112.0,-3.6278839111328125,1.740931510925293,-0.010517633952986216,-0.031940958579070866,96.0,16.0,7.0,nic
A76C,2026-01-11,-60.52575,-38.1806,112.0,3.612119674682617,5.097339630126953,0.013124972028890625,0.09715114068239927,48.0,16.0,7.0,ascat
A76C,2026-01-15,-60.5549,-38.0994,112.0,6.330038070678711,-3.349717140197754,0.06387509824708104,0.11532658245414495,96.0,16.0,7.0,ascat
A76C,2026-01-29,-59.79,-38.1,112.0,6.114390055338542,1.2065836588541667,0.0016074487551425893,0.09085522529979546,144.0,16.0,7.0,nic
A76C,2026-02-04,-59.5992,-37.8062,112.0,7.502057393391927,0.4319597880045573,0.03344624613722166,0.030883551846879225,144.0,16.0,7.0,ascat
A76C,2026-02-06,-59.5934,-38.0915,112.0,7.683174133300781,0.5100994110107422,-0.002440981101244688,0.008577235974371433,48.0,16.0,7.0,ascat
A76C,2026-02-08,-59.5708,-38.1838,112.0,-1.24237060546875,4.127054214477539,-0.029101913329213858,-0.0027024159353459254,48.0,16.0,7.0,ascat
A76C,2026-02-10,-59.55,-38.1697,112.0,5.451534271240234,5.536771774291992,-0.009784656809642911,0.015032050898298621,48.0,16.0,7.0,ascat
A76C,2026-02-12,-59.55,-38.19,112.0,4.795644760131836,-5.150201797485352,0.042572529055178165,-0.06091210409067571,48.0,16.0,7.0,nic
A76C,2026-02-14,-59.5408,-38.335,112.0,0.9656543731689453,2.785858154296875,-0.01964262838009745,0.0005864573176950216,48.0,16.0,7.0,ascat
A76C,2026-02-18,-59.5207,-38.4962,112.0,6.914361000061035,-0.3657102584838867,0.03302390081807971,0.0033345526608172804,96.0,16.0,7.0,ascat
A76C,2026-02-20,-59.5392,-38.5381,112.0,5.319179534912109,-1.4423980712890625,0.04305794555693865,-0.002653384581208229,48.0,16.0,7.0,ascat
A76C,2026-02-24,-59.50905,-38.356350000000006,112.0,4.1062116622924805,-3.348055839538574,0.046770514687523246,-0.008622130408184603,96.0,16.0,7.0,ascat
A76C,2026-02-26,-59.47,-38.06,112.0,7.051422119140625,-2.7763824462890625,0.04970394819974899,0.025357848033308983,48.0,16.0,7.0,nic
A76C,2026-02-28,-59.4426,-37.8752,112.0,0.8923816680908203,-1.570709228515625,0.05405225092545152,-0.018467423098627478,48.0,16.0,7.0,ascat
A76C,2026-03-02,-59.4538,-37.6762,112.0,2.1467247009277344,-0.3866615295410156,0.09308510925620794,0.039822058082791045,48.0,16.0,7.0,ascat
A76C,2026-03-04,-59.4491,-37.6986,112.0,8.550392150878906,0.05085945129394531,0.11103344894945621,0.10675746016204357,48.0,16.0,7.0,ascat
A76C,2026-03-06,-59.22235,-37.1635,112.0,-3.242879867553711,-0.6785602569580078,0.11466835532337427,0.0892240023240447,48.0,16.0,7.0,nic
A76C,2026-03-10,-59.175349999999995,-37.13595,112.0,-0.7384757995605469,7.776463508605957,0.0983889838680625,0.06499873648863286,96.0,16.0,7.0,ascat
A76C,2026-03-12,-59.1558,-37.105199999999996,112.0,7.567081451416016,2.828664779663086,0.0801620502024889,0.09362677671015263,48.0,16.0,7.0,ascat
A76C,2026-03-14,-59.1522,-36.552,112.0,10.298727035522461,-0.8838253021240234,0.09271783800795674,-0.004409734086948447,48.0,16.0,7.0,ascat
A76C,2026-03-18,-59.1601,-36.0945,112.0,7.597921371459961,-4.3035993576049805,0.061816250323317945,0.027581829548580572,96.0,16.0,7.0,ascat
A76C,2026-03-20,-58.8745,-36.3724,112.0,5.453470230102539,1.5980243682861328,0.033245084749069065,0.07303236611187458,48.0,16.0,7.0,ascat
A76C,2026-03-24,-59.0004,-36.6891,112.0,0.09644567966461182,0.9992456436157227,0.013269573595607653,-0.0064198630570899695,96.0,16.0,7.0,ascat
A76C,2026-03-26,-58.92,-36.62,112.0,-0.30967140197753906,-4.026613235473633,0.07540221698582172,-0.04229069664143026,48.0,16.0,7.0,nic
A76C,2026-04-09,-59.5,-36.33,112.0,2.900639216105143,3.2578722635904946,-0.02761307907834028,-0.08421253459528089,144.0,16.0,7.0,nic
A76C,2026-04-11,-59.4681,-36.3603,112.0,-2.1400222778320312,0.3676872253417969,-0.044463844737038016,-0.10267256200313568,48.0,16.0,7.0,ascat
A76C,2026-04-13,-59.4278,-36.2315,112.0,-5.963783264160156,-0.6353187561035156,0.010497120209038258,-0.0998580539599061,48.0,16.0,7.0,ascat
A76C,2026-04-17,-59.19,-35.84,112.0,8.44621753692627,-4.601101875305176,0.08882543258368969,0.025602737558074296,96.0,16.0,7.0,nic
A76C,2026-04-19,-58.9253,-35.814350000000005,112.0,6.302957534790039,-5.4727783203125,0.09080252703279257,0.0429855621769093,48.0,16.0,7.0,ascat
A76C,2026-04-21,-58.6567,-36.1843,112.0,-1.2072811126708984,-6.297067642211914,0.011496510240249336,-0.014239993412047625,48.0,16.0,7.0,ascat
A81,2026-01-01,-64.9006,-58.2131,700.0,2.5004730224609375,1.2435302734375,0.010171364061534405,-0.005105084273964167,,28.0,25.0,ascat
A81,2026-01-03,-64.8861,-58.2597,700.0,2.1228504180908203,2.065143585205078,0.007640301948413253,-0.006583169335499406,48.0,28.0,25.0,ascat
A81,2026-01-05,-64.8672,-58.30795,700.0,-3.4121761322021484,-0.8102779388427734,0.0024511301235179417,-0.013260006671771407,48.0,28.0,25.0,ascat
A81,2026-01-09,-64.8713,-58.36815,700.0,-0.3101959228515625,0.21395397186279297,0.001843167352490127,-0.002007646051424672,96.0,28.0,25.0,nic
A81,2026-01-13,-64.8726,-58.4163,700.0,0.8584842681884766,-0.7078495025634766,-0.012085221886081854,0.008459768367174547,96.0,28.0,25.0,ascat
A81,2026-01-15,-64.87,-58.41,700.0,0.10587692260742188,0.4506111145019531,-0.009246568661183119,-0.001517744967713952,48.0,28.0,25.0,nic
A81,2026-01-25,-64.8236,-58.5032,700.0,1.7133369445800781,-2.598155975341797,0.02756199799478054,0.011192429345101118,48.0,28.0,25.0,ascat
A81,2026-01-29,-64.82,-58.41,700.0,1.3148527145385742,-3.8415632247924805,0.07311538979411125,-0.014798989199334756,96.0,28.0,25.0,nic
A81,2026-02-12,-64.80285,-58.473,700.0,-1.1386788686116536,0.9722677866617838,0.0012195944921889652,0.002813496073940769,144.0,28.0,25.0,ascat
A81,2026-02-18,-64.77,-58.38,700.0,0.35396258036295575,-1.5683612823486328,0.011643664930791905,-0.0003501257306197658,144.0,28.0,25.0,nic
A81,2026-02-22,-64.7783,-58.4514,700.0,-1.1828203201293945,-3.7247323989868164,0.05070549083757214,-0.02721489669420407,96.0,28.0,25.0,ascat
A81,2026-02-26,-64.75,-58.28,700.0,-0.2863016128540039,-3.253538131713867,0.009447300108149648,-0.00649534713011235,96.0,28.0,25.0,nic
A81,2026-03-02,-64.7228,-58.2289,700.0,-0.3488779067993164,-3.5195913314819336,0.01972859795205295,0.05627304158406332,96.0,28.0,25.0,ascat
A81,2026-03-06,-64.73,-58.14,700.0,1.6421804428100586,-1.994563102722168,0.014524219208396971,0.02938384364824742,96.0,28.0,25.0,nic
A81,2026-03-08,-64.7309,-58.0974,700.0,1.2886714935302734,-0.8897552490234375,0.001547953077533748,-0.01024165004491806,48.0,28.0,25.0,ascat
A81,2026-03-12,-64.76945,-57.953900000000004,700.0,0.2879152297973633,-4.110182762145996,0.033589746220968664,-0.004082385916262865,96.0,28.0,25.0,ascat
A81,2026-03-16,-64.7852,-57.9006,700.0,1.9819145202636719,-4.684939384460449,0.04818495118524879,0.028404494281858206,96.0,28.0,25.0,ascat
A81,2026-03-20,-64.8974,-57.9319,700.0,-0.8775367736816406,-0.026841163635253906,0.0029666167220057105,0.02353158258483745,96.0,28.0,25.0,ascat
A81,2026-03-22,-64.8315,-57.8234,700.0,2.391650438308716,-1.6859989166259766,0.04206402925774455,0.025943725660908967,48.0,28.0,25.0,ascat
A81,2026-03-26,-64.86,-57.55,700.0,0.3423738479614258,-0.9439210891723633,0.06806270102970302,0.08934073883574456,96.0,28.0,25.0,nic
A81,2026-04-09,-64.79,-56.87,700.0,1.4390506744384766,0.09885533650716145,0.07478305418044329,0.07675481121987104,144.0,28.0,25.0,nic
A81,2026-04-11,-64.76905,-56.924,700.0,-3.0576248168945312,0.2585563659667969,0.060108087956905365,0.0007251161150634289,48.0,28.0,25.0,ascat
A81,2026-04-17,-64.7174,-56.539699999999996,700.0,-1.1580797831217449,-5.085294723510742,0.07114271870523226,0.03806306390712658,144.0,28.0,25.0,nic
A81,2026-04-19,-64.67145,-56.4358,700.0,1.575296401977539,-5.682373046875,0.07508710352703929,0.030671199783682823,48.0,28.0,25.0,ascat
A81,2026-04-21,-64.69919999999999,-56.3424,700.0,-0.6898250579833984,-2.304758071899414,0.0371694837231189,-0.00400404364336282,48.0,28.0,25.0,ascat
A82,2026-01-01,-68.8259,-90.6547,96.0,-1.9673004150390625,-1.1773681640625,-0.03663088008761406,-0.04248484596610069,,12.0,8.0,ascat
A82,2026-01-03,-68.8259,-90.6547,96.0,0.2770252227783203,-4.550090789794922,-0.0053302336018532515,-0.024767287075519562,48.0,12.0,8.0,ascat
A82,2026-01-05,-68.8259,-90.6547,96.0,7.444635391235352,-1.1707515716552734,-0.02909717010334134,0.0027576563879847527,48.0,12.0,8.0,ascat
A82,2026-01-07,-68.8259,-90.6547,96.0,1.7940101623535156,-0.9535961151123047,0.01229848962975666,-0.03866887754702475,48.0,12.0,8.0,ascat
A82,2026-01-09,-68.8259,-90.6547,96.0,4.821018218994141,-4.519060134887695,0.010759734897874296,-0.028090410036384128,48.0,12.0,8.0,ascat
A82,2026-01-11,-68.8259,-90.6547,96.0,-0.2228412628173828,-5.945751190185547,-0.020956294203642756,-0.046557292342185974,48.0,12.0,8.0,ascat
A82,2026-01-13,-68.8259,-90.6547,96.0,2.0389060974121094,0.6496295928955078,-0.0391541114076972,-0.003929642029106617,48.0,12.0,8.0,ascat
A82,2026-01-15,-68.8259,-90.6547,96.0,3.144451141357422,1.0251960754394531,-0.01548289111815393,-0.03827214473858476,48.0,12.0,8.0,ascat
A82,2026-01-17,-68.8259,-90.6547,96.0,-2.1180896759033203,-5.323028564453125,0.0018086711643263698,-0.06672115065157413,48.0,12.0,8.0,ascat
A82,2026-01-19,-68.8259,-90.6547,96.0,-5.024164199829102,-2.697175979614258,-0.015934329363517463,-0.052438465878367424,48.0,12.0,8.0,ascat
A82,2026-01-21,-68.8259,-90.6547,96.0,-2.9402809143066406,2.5496978759765625,-0.007036682567559183,-0.017782661598175764,48.0,12.0,8.0,ascat
A82,2026-01-23,-68.8259,-90.6547,96.0,-0.2118072509765625,-0.48333740234375,0.02173818927258253,-0.01604671310633421,48.0,12.0,8.0,ascat
A82,2026-01-25,-68.8259,-90.6547,96.0,-3.040691375732422,0.9261360168457031,-0.022538058314239606,-0.023505933582782745,48.0,12.0,8.0,ascat
A82,2026-01-27,-68.8259,-90.6547,96.0,-8.561267852783203,-0.012830734252929688,0.012231800850713626,-0.03043555747717619,48.0,12.0,8.0,ascat
A82,2026-01-29,-68.8259,-90.6547,96.0,-5.025815963745117,-1.9176750183105469,0.0093280840665102,-0.024662361480295658,48.0,12.0,8.0,ascat
A82,2026-01-31,-68.8259,-90.6547,96.0,9.536779403686523,-1.3602275848388672,-0.021248531062155962,0.052734057419002056,48.0,12.0,8.0,ascat
A82,2026-02-02,-68.8259,-90.6547,96.0,9.294990539550781,2.9352245330810547,-0.003363282885402441,0.0044866339303553104,48.0,12.0,8.0,ascat
A82,2026-02-04,-68.8259,-90.6547,96.0,9.040140151977539,0.6365928649902344,0.0019251222256571054,0.026263154577463865,48.0,12.0,8.0,ascat
A82,2026-02-06,-68.8259,-90.6547,96.0,2.1933059692382812,-1.2794513702392578,0.008782732766121626,-0.06202064920216799,48.0,12.0,8.0,ascat
A82,2026-02-08,-68.8259,-90.6547,96.0,1.28448486328125,-3.606100082397461,-0.028618935495615005,-0.04583299905061722,48.0,12.0,8.0,ascat
A82,2026-02-10,-68.8259,-90.6547,96.0,-1.1384315490722656,3.863798141479492,-0.039692822960205376,-0.0197868375107646,48.0,12.0,8.0,ascat
A82,2026-02-12,-68.8259,-90.6547,96.0,7.202749252319336,-0.8170719146728516,-0.0009168979013338685,0.02715934021398425,48.0,12.0,8.0,ascat
A82,2026-02-14,-68.8259,-90.6547,96.0,1.2084522247314453,-3.895904541015625,-0.01931748539209366,-0.013209699653089046,48.0,12.0,8.0,ascat
A82,2026-02-16,-68.8259,-90.6547,96.0,2.0393638610839844,0.7878761291503906,-0.015925727385365462,0.01431577152106911,48.0,12.0,8.0,ascat
A82,2026-02-18,-68.8259,-90.6547,96.0,1.0107154846191406,-3.7795543670654297,-0.006624320122682548,-0.0017149150371551514,48.0,12.0,8.0,ascat
A82,2026-02-20,-68.8259,-90.6547,96.0,-1.0143165588378906,-3.4262847900390625,-0.029489729553461075,-0.01810458768159151,48.0,12.0,8.0,ascat
A82,2026-02-22,-68.8258,-90.65870000000001,96.0,-6.7580718994140625,2.4003944396972656,-0.02595534035935998,0.030972344800829887,48.0,12.0,8.0,ascat
A82,2026-02-24,-68.82565,-90.68254999999999,96.0,-0.34070777893066406,6.5748443603515625,-0.0027567537617869675,0.018797076772898436,48.0,12.0,8.0,ascat
A82,2026-02-26,-68.8256,-90.7024,96.0,-4.927703857421875,-3.4968414306640625,-0.005799296821351163,-0.022723777685314417,48.0,12.0,8.0,ascat
A82,2026-02-28,-68.8256,-90.7024,96.0,-5.05073356628418,-3.618438720703125,0.002108857734128833,-0.03153666015714407,48.0,12.0,8.0,ascat
A82,2026-03-02,-68.8256,-90.7024,96.0,2.0917930603027344,-2.0219154357910156,0.03488564444705844,0.02104021902778186,48.0,12.0,8.0,ascat
A82,2026-03-04,-68.8258,-90.6474,96.0,1.5555191040039062,-4.013105392456055,0.036198182962834835,0.0036705170350614935,48.0,12.0,8.0,ascat
A82,2026-03-06,-68.84355,-90.81305,96.0,1.995889663696289,-6.821870803833008,0.04870287189260125,-0.02361550129717216,48.0,12.0,8.0,ascat
A82,2026-03-08,-68.8284,-90.6536,96.0,-4.426660537719727,-12.649765014648438,0.04350841697305441,-0.08185356669127941,48.0,12.0,8.0,ascat
A82,2026-03-10,-68.79325,-90.72120000000001,96.0,-4.157894134521484,-10.028724670410156,-0.01481772237457335,-0.05200726352632046,48.0,12.0,8.0,ascat
A82,2026-03-12,-68.8195,-90.67775,96.0,-6.780330657958984,-5.041818618774414,-0.015528336050920188,-0.04306291043758392,48.0,12.0,8.0,ascat
A82,2026-03-14,-68.8135,-90.63485,96.0,-4.659158706665039,-6.366613388061523,-0.00876939995214343,-0.04307538876309991,48.0,12.0,8.0,ascat
A82,2026-03-16,-68.8133,-90.6715,96.0,0.42122650146484375,1.4973030090332031,-0.026975537417456508,0.021217179019004107,48.0,12.0,8.0,ascat
A82,2026-03-18,-68.8258,-90.6382,96.0,2.9590988159179688,-1.450235366821289,-0.014297151705250144,-0.0027660035993903875,48.0,12.0,8.0,ascat
A82,2026-03-20,-68.8195,-90.67009999999999,96.0,4.179910659790039,-6.350584030151367,-0.02043529972434044,0.020060265669599175,48.0,12.0,8.0,ascat
A82,2026-03-22,-68.82335,-90.64735,96.0,8.291674852371216,0.5162715911865234,-0.025677436031401157,0.026396383997052908,48.0,12.0,8.0,ascat
A82,2026-03-24,-68.8232,-90.6779,96.0,6.810672760009766,-2.3029747009277344,-0.04316674638539553,-0.0018083197064697742,48.0,12.0,8.0,ascat
A82,2026-03-26,-68.8259,-90.6547,96.0,1.546529769897461,6.368284225463867,-0.05219093061168678,0.04236866789869964,48.0,12.0,8.0,ascat
A82,2026-03-28,-68.8259,-90.6547,96.0,1.1438961029052734,2.850374221801758,0.0055409732449334115,0.0044742797035723925,48.0,12.0,8.0,ascat
A82,2026-03-30,-68.8259,-90.6547,96.0,-6.555755615234375,5.91816520690918,-0.052190537797287107,0.007206077221781015,48.0,12.0,8.0,ascat
A82,2026-04-01,-68.8259,-90.6547,96.0,-2.7382678985595703,8.088264465332031,-0.02646887768059969,0.032703826669603586,48.0,12.0,8.0,ascat
A82,2026-04-03,-68.82575,-90.6627,96.0,0.2491455078125,-0.0879058837890625,-0.0007461656350642443,-0.016508137341588736,48.0,12.0,8.0,ascat
A82,2026-04-05,-68.8195,-90.67009999999999,96.0,4.992853164672852,-5.951066970825195,0.019999911775812507,-0.011800493113696575,48.0,12.0,8.0,ascat
A82,2026-04-07,-68.8259,-90.623,96.0,3.529022216796875,-7.239217758178711,-0.0038415624627045225,-0.028933101998908178,48.0,12.0,8.0,ascat
A82,2026-04-09,-68.82554999999999,-90.707,96.0,-5.12226676940918,-2.1426753997802734,-0.010125038014458758,-0.018275934670652663,48.0,12.0,8.0,ascat
A82,2026-04-11,-68.8259,-90.623,96.0,-7.546638488769531,2.004405975341797,-0.009830806337829148,-0.024473682711166993,48.0,12.0,8.0,ascat
A83,2026-01-01,-69.53365,-52.2536,84.0,-1.1059722900390625,-0.3043212890625,-0.04408496990799904,0.05204365774989128,,12.0,7.0,ascat
A83,2026-01-05,-69.11015,-52.12195,84.0,1.1161632537841797,1.8581514358520508,-0.02972198568750173,0.07831320934928954,96.0,12.0,7.0,ascat
A83,2026-01-07,-69.0226,-52.1071,84.0,1.9817543029785156,4.586931228637695,-0.01636043656617403,0.14258289709687233,48.0,12.0,7.0,ascat
A83,2026-01-09,-68.9393,-52.0577,84.0,4.057102203369141,4.798200607299805,0.01837283419445157,0.11821131967008114,48.0,12.0,7.0,ascat
A83,2026-01-13,-68.7958,-51.6073,84.0,4.069116592407227,-1.5052738189697266,0.049538179067894816,0.06514999945648015,96.0,12.0,7.0,ascat
A83,2026-01-15,-69.0048,-51.5779,84.0,0.6268730163574219,0.7104988098144531,-0.017044459120370448,0.02583984623197466,48.0,12.0,7.0,ascat
A83,2026-01-17,-68.9874,-51.734,84.0,-0.6204090118408203,2.041473388671875,-0.11009615031071007,0.047496455372311175,48.0,12.0,7.0,ascat
A83,2026-01-19,-68.8231,-51.7889,84.0,2.2434139251708984,4.262784957885742,-0.04888568475143984,0.0699298707768321,48.0,12.0,7.0,ascat
A83,2026-01-21,-68.8091,-52.00705,84.0,-0.23398208618164062,-0.0296478271484375,-0.057683192659169436,-0.012618254113476723,48.0,12.0,7.0,ascat
A83,2026-01-23,-68.8177,-52.3425,84.0,-5.6435699462890625,3.23431396484375,-0.07941313285846263,-0.038382029393687844,48.0,12.0,7.0,ascat
A83,2026-01-25,-68.8714,-52.3669,84.0,-2.355144500732422,-2.596080780029297,-0.005277496878989041,-0.059751348569989204,48.0,12.0,7.0,ascat
A83,2026-01-27,-68.9016,-52.1393,84.0,-3.303089141845703,-2.7302379608154297,0.048664744943380356,-0.051272619515657425,48.0,12.0,7.0,ascat
A83,2026-01-29,-68.91175,-51.84635,84.0,0.5753803253173828,-5.373363494873047,0.07852975465357304,-0.007459481130354106,48.0,12.0,7.0,ascat
A83,2026-01-31,-68.7996,-51.6358,84.0,5.288854598999023,-2.416746139526367,0.04762411420233548,0.09014099929481745,48.0,12.0,7.0,ascat
A83,2026-02-02,-68.7481,-51.6844,84.0,6.031318664550781,4.283002853393555,-0.05960494396276772,0.1103981826454401,48.0,12.0,7.0,ascat
A83,2026-02-06,-68.2049,-51.5649,84.0,2.5139646530151367,4.856103897094727,-0.045629326819835114,0.05693137599155307,96.0,12.0,7.0,ascat
A83,2026-02-08,-68.1557,-51.52815,84.0,1.20709228515625,1.005716323852539,-0.02929954629507847,0.012835529400035739,48.0,12.0,7.0,ascat
A83,2026-02-10,-68.0299,-51.6277,84.0,1.2844200134277344,4.362943649291992,-0.09529897291213274,0.07945738965645432,48.0,12.0,7.0,ascat
A83,2026-02-12,-67.72524999999999,-51.6547,84.0,2.970693588256836,7.808050155639648,-0.06747195217758417,0.10782000795006752,48.0,12.0,7.0,ascat
A83,2026-02-14,-68.0337,-52.2437,84.0,2.5155811309814453,4.399749755859375,-0.023436549119651318,0.04919192148372531,48.0,12.0,7.0,ascat
A83,2026-02-18,-68.0,-52.18,84.0,1.2868585586547852,-0.8697385787963867,0.0002701978664845228,0.01064189913449809,96.0,12.0,7.0,nic
A83,2026-02-28,-67.9198,-52.0671,84.0,-1.0918712615966797,-1.993072509765625,-0.01257557119242847,0.02304437616840005,48.0,12.0,7.0,ascat
A83,2026-03-04,-67.7161,-52.0993,84.0,-0.15982532501220703,2.08620548248291,-0.030058144126087427,0.013380523829255253,96.0,12.0,7.0,ascat
A83,2026-03-06,-67.58765,-51.93195,84.0,1.538858413696289,-3.120454788208008,0.00907779554836452,0.007692996063269675,48.0,12.0,7.0,ascat
A83,2026-03-08,-67.6166,-52.0723,84.0,2.4949703216552734,3.1213531494140625,0.0007375013083219528,0.04715105763170868,48.0,12.0,7.0,ascat
A83,2026-03-12,-67.4673,-52.1174,84.0,1.3430299758911133,-1.736220359802246,0.02066561859101057,0.024321403994690627,96.0,12.0,7.0,ascat
A83,2026-03-16,-67.3162,-52.1262,84.0,3.175701141357422,-2.874331474304199,0.02710239341831766,0.030377790157217532,96.0,12.0,7.0,ascat
A83,2026-03-18,-67.2346,-52.1249,84.0,0.49852752685546875,-1.580118179321289,-0.03322716394905001,0.026541457045823336,48.0,12.0,7.0,ascat
A83,2026-03-20,-67.17325,-52.11335,84.0,2.296854019165039,1.3989276885986328,-0.012126131798140705,0.03885075496509671,48.0,12.0,7.0,ascat
A83,2026-03-22,-67.10345000000001,-51.92035,84.0,2.568042039871216,-3.2077274322509766,0.02208974026143551,0.04547114670276642,48.0,12.0,7.0,ascat
A83,2026-03-24,-67.12100000000001,-51.90115,84.0,0.3068885803222656,-2.3876914978027344,0.015878975857049227,-0.022473115008324385,48.0,12.0,7.0,ascat
A83,2026-03-26,-67.1634,-51.9169,84.0,-2.936990737915039,-3.011476516723633,-0.021532760933041573,0.0038246717303991318,48.0,12.0,7.0,ascat
A83,2026-03-28,-67.1582,-51.9355,84.0,3.5818843841552734,6.863924026489258,-0.05306807113811374,0.10337315872311592,48.0,12.0,7.0,ascat
A83,2026-03-30,-67.1109,-51.935,84.0,-1.481170654296875,-1.1271228790283203,0.0005036690854467452,-0.02597226476063952,48.0,12.0,7.0,ascat
A83,2026-04-01,-67.0784,-52.09555,84.0,-0.9532337188720703,-3.0019454956054688,-0.013043723069131374,-0.02258318939129822,48.0,12.0,7.0,ascat
A83,2026-04-03,-67.0924,-52.6389,84.0,-7.708984375,2.0743255615234375,-0.07794566336087883,-0.028123795986175537,48.0,12.0,7.0,ascat
A83,2026-04-07,-67.1731,-52.7364,84.0,-2.7569284439086914,-3.4099254608154297,-0.00979306024237303,-0.03750930569367483,96.0,12.0,7.0,ascat
A83,2026-04-09,-67.19810000000001,-53.00865,84.0,-9.28913688659668,-0.11984825134277344,-0.07067631278187037,-0.031406138790771365,48.0,12.0,7.0,ascat
A83,2026-04-11,-67.1846,-53.1321,84.0,-4.842170715332031,-0.3005256652832031,-0.022525728214532137,-0.019324899883940816,48.0,12.0,7.0,ascat
A83,2026-04-13,-67.2577,-53.1076,84.0,-3.6221084594726562,-6.078922271728516,0.02168626937782392,-0.06283991376403719,48.0,12.0,7.0,ascat
A83,2026-04-15,-67.2098,-53.1542,84.0,1.1249752044677734,-1.1730537414550781,0.007803065644111484,0.03839400818105787,48.0,12.0,7.0,ascat
A83,2026-04-17,-67.1038,-53.121849999999995,84.0,0.13108253479003906,0.7189712524414062,0.001782344887033105,0.01934546511620283,48.0,12.0,7.0,nic
A83,2026-04-19,-67.04365,-52.9157,84.0,2.476419448852539,-2.916259765625,0.023374167059955653,0.013707706850254908,48.0,12.0,7.0,ascat
A83,2026-04-21,-66.9863,-53.019499999999994,84.0,1.1771183013916016,-0.5420627593994141,-0.005743956193327904,0.01363052730448544,48.0,12.0,7.0,ascat
A84,2026-01-01,-71.64,-96.27,72.0,-1.5561676025390625,-6.4254150390625,-0.0024039000272750854,0.028526054695248604,,12.0,6.0,nic
A84,2026-01-03,-71.5564,-96.39,72.0,-5.60139274597168,-2.551799774169922,-0.05769288376905024,0.03407267387956381,48.0,12.0,6.0,ascat
A84,2026-01-07,-71.5475,-96.5832,72.0,2.420503616333008,-0.1943521499633789,0.02916963421739638,0.039031310414429754,96.0,12.0,6.0,ascat
A84,2026-01-09,-71.5363,-96.3723,72.0,3.5119361877441406,-5.066301345825195,0.06149166543036699,0.003525337320752442,48.0,12.0,6.0,ascat
A84,2026-01-11,-71.54585,-96.52430000000001,72.0,-1.7152729034423828,-3.070629119873047,0.0022692527854815125,0.01948158023878932,48.0,12.0,6.0,ascat
A84,2026-01-13,-71.48615000000001,-96.5028,72.0,3.6673240661621094,1.1525592803955078,-0.018550780572695658,0.0979433311149478,48.0,12.0,6.0,ascat
A84,2026-01-15,-71.5171,-96.581,72.0,3.277019500732422,-0.7987785339355469,0.05984762730076909,0.017629427835345268,48.0,12.0,6.0,ascat
A84,2026-01-17,-71.57964999999999,-96.6357,72.0,-3.8029041290283203,-5.182891845703125,0.06708370195701718,-0.06822981126606464,48.0,12.0,6.0,ascat
A84,2026-01-23,-71.58,-97.62,72.0,-5.755282719930013,-0.1285864512125651,-0.09113938097531597,-0.017613630819444854,144.0,12.0,6.0,nic
A84,2026-01-29,-71.61,-100.25,72.0,-8.160512288411459,4.662109375,-0.17941219607988992,-0.01447319188931336,144.0,12.0,6.0,nic
A84,2026-02-04,-71.5815,-96.92,72.0,4.260236104329427,2.139031728108724,-0.07609307370148599,0.06652988598216325,144.0,12.0,6.0,ascat
A84,2026-02-06,-71.69,-101.01,72.0,-1.6257858276367188,0.6413249969482422,-0.0791980023495853,-0.0580917620100081,48.0,12.0,6.0,nic
A84,2026-02-12,-71.7,-101.27,72.0,-2.994228998819987,-2.7011534372965493,-0.10870475477228562,-0.04106992508362358,144.0,12.0,6.0,nic
A84,2026-02-14,-71.7112,-97.7497,72.0,-1.7821483612060547,-1.307891845703125,-0.07021389389410615,-0.006999077508226037,48.0,12.0,6.0,ascat
A84,2026-02-18,-71.608,-100.3334,72.0,-2.859198570251465,1.2063112258911133,-0.0911607516463846,-0.02340751199517399,96.0,12.0,6.0,ascat
A84,2026-02-20,-71.65979999999999,-101.1271,72.0,-7.808139801025391,1.1689300537109375,-0.1678668726235628,-0.0770228048786521,48.0,12.0,6.0,ascat
A84,2026-02-24,-72.345,-103.778,72.0,-4.7846574783325195,0.11416339874267578,-0.16857124802966914,-0.06879683552930753,96.0,12.0,6.0,ascat
A84,2026-02-26,-72.5,-104.0375,72.0,-9.208709716796875,2.0390472412109375,0.012085280468454584,-0.28206031024456024,48.0,12.0,6.0,ascat
A84,2026-02-28,-72.7985,-104.2819,72.0,-7.74482536315918,2.502166748046875,-0.05733320757281035,-0.21456016413867474,48.0,12.0,6.0,ascat
A84,2026-03-02,-72.7297,-104.1689,72.0,-5.579715728759766,0.9555015563964844,-0.042957234545610845,-0.21397327445447445,48.0,12.0,6.0,ascat
A84,2026-03-04,-72.6216,-103.9891,72.0,-5.062889099121094,0.8661670684814453,-0.010663400404155254,-0.30660315975546837,48.0,12.0,6.0,ascat
A84,2026-03-06,-72.57,-103.08,72.0,-4.954671859741211,-6.997041702270508,0.02291922294534743,-0.28972430527210236,48.0,12.0,6.0,nic
A84,2026-03-14,-72.5335,-103.4081,72.0,-4.817605972290039,0.7708377838134766,0.0363725908100605,0.03794485330581665,48.0,12.0,6.0,ascat
A84,2026-03-16,-72.5491,-103.1578,72.0,-0.46121978759765625,-1.1428337097167969,0.06297407858073711,0.042001559399068356,48.0,12.0,6.0,ascat
A84,2026-03-20,-72.52455,-103.25055,72.0,0.5691928863525391,-0.3571758270263672,0.02655418636277318,0.04966666027903557,48.0,12.0,6.0,ascat
A84,2026-03-26,-73.1,-103.89,72.0,-0.476906696955363,1.9148387908935547,-0.018089523374596062,0.07502252526362152,144.0,12.0,6.0,nic
A84,2026-04-05,-73.41095,-104.6532,72.0,-4.294134140014648,2.4411449432373047,-0.030246772686950862,-0.050286287907510996,48.0,12.0,6.0,ascat
A84,2026-04-07,-73.588,-104.98304999999999,72.0,-3.399566650390625,3.630655288696289,-0.04110696422867477,-0.062197922728955746,48.0,12.0,6.0,ascat
A84,2026-04-09,-73.8556,-104.8858,72.0,-5.48396110534668,-2.8429927825927734,-0.02666411269456148,-0.03014371171593666,48.0,12.0,6.0,ascat
A84,2026-04-11,-73.9314,-104.9799,72.0,-2.1065750122070312,1.5063591003417969,-0.04587940825149417,0.04211512487381697,48.0,12.0,6.0,ascat
A84,2026-04-13,-73.9215,-105.188,72.0,-3.9278945922851562,4.161190032958984,-0.09390875231474638,0.09483163617551327,48.0,12.0,6.0,ascat
A84,2026-04-15,-73.9025,-105.52095,72.0,-6.397607803344727,5.228801727294922,-0.0731732421554625,0.10157664492726326,48.0,12.0,6.0,ascat
A84,2026-04-17,-73.76775,-106.05825,72.0,-8.246847152709961,6.228126525878906,-0.09367540944367647,0.11732232570648193,48.0,12.0,6.0,ascat
A84,2026-04-19,-73.61070000000001,-106.2036,72.0,-3.164693832397461,6.261474609375,-0.06488482560962439,0.10968463309109211,48.0,12.0,6.0,ascat
A84,2026-04-21,-73.47935,-106.50354999999999,72.0,-2.7215633392333984,1.820486068725586,-0.08039723988622427,0.08900543209165335,48.0,12.0,6.0,ascat
A85,2026-01-01,-68.2783,-56.1724,30.0,-2.4048004150390625,-2.5064697265625,-0.0037456750869750977,0.04240758717060089,,10.0,3.0,ascat
A85,2026-01-03,-68.35135,-56.21865,30.0,0.7749500274658203,0.7058906555175781,-0.005072614410892129,0.049991034902632236,48.0,10.0,3.0,ascat
A85,2026-01-05,-68.3797,-56.2166,30.0,1.5507144927978516,-2.8793697357177734,0.01927140005864203,0.033811863511800766,48.0,10.0,3.0,ascat
A85,2026-01-07,-68.3023,-56.1477,30.0,1.1791419982910156,3.5036792755126953,-0.00035216426476836205,0.08231939701363444,48.0,10.0,3.0,ascat
A85,2026-01-09,-68.23,-56.11,30.0,1.9966773986816406,1.0832347869873047,0.026133932289667428,0.04848926840350032,48.0,10.0,3.0,nic
A85,2026-01-15,-68.2781,-55.85515,30.0,2.4243221282958984,-1.2665564219156902,0.037745650857686996,0.04023733936871091,144.0,10.0,3.0,ascat
A85,2026-01-17,-68.2411,-56.0733,30.0,0.8301525115966797,4.413665771484375,-0.07188390800729394,0.09717492433264852,48.0,10.0,3.0,ascat
A85,2026-01-23,-68.27,-56.55,30.0,-1.1040782928466797,2.9455509185791016,-0.03563404153101146,0.024079473320549976,144.0,10.0,3.0,nic
A85,2026-01-29,-68.55,-56.46,30.0,-2.159698486328125,-2.9708251953125,0.05120619533893963,-0.010205690011692544,144.0,10.0,3.0,nic
A85,2026-02-04,-68.3884,-56.2314,30.0,3.7302881876627603,1.0700213114420574,0.017039598935904603,0.10213370310763518,144.0,10.0,3.0,ascat
A85,2026-02-06,-68.41705,-56.2713,30.0,1.8433303833007812,2.783170700073242,0.0068051451817154884,0.03201516839908436,48.0,10.0,3.0,ascat
A85,2026-02-08,-68.4457,-56.3112,30.0,0.60235595703125,-1.240743637084961,0.013376970309764147,-0.009035069204401225,48.0,10.0,3.0,ascat
A85,2026-02-10,-68.4779,-57.0133,30.0,-0.14270401000976562,5.360990524291992,-0.06085085961967707,0.07509744865819812,48.0,10.0,3.0,ascat
A85,2026-02-12,-68.34,-56.6,30.0,2.592641830444336,4.088811874389648,-0.015758894907776266,0.06772757647559047,48.0,10.0,3.0,nic
A85,2026-02-14,-68.3206,-56.7295,30.0,2.1228809356689453,0.207977294921875,0.02370411646552384,0.01847847318276763,48.0,10.0,3.0,ascat
A85,2026-02-18,-68.3347,-56.74,30.0,1.7298517227172852,-1.9067869186401367,0.01672044233419001,0.021152244647964835,96.0,10.0,3.0,ascat
A85,2026-02-20,-68.4566,-56.7559,30.0,-2.8653907775878906,-4.4248199462890625,0.02066573966294527,-0.027511383639648557,48.0,10.0,3.0,ascat
A85,2026-02-22,-68.561,-56.8785,30.0,-0.5688629150390625,-4.354976654052734,0.058684208561317064,0.0025366300251334906,48.0,10.0,3.0,ascat
A85,2026-02-24,-68.469,-56.877,30.0,1.259634017944336,4.3127593994140625,-0.01669228554237634,0.06144117843359709,48.0,10.0,3.0,ascat
A85,2026-02-26,-68.5443,-57.0343,30.0,-0.871307373046875,-2.7562408447265625,0.041860407683998346,-0.015897293109446764,48.0,10.0,3.0,ascat
A85,2026-02-28,-68.46709999999999,-57.166799999999995,30.0,-0.9829845428466797,1.799163818359375,-0.04108264925889671,0.048464576131664217,48.0,10.0,3.0,ascat
A85,2026-03-02,-68.4403,-57.0567,30.0,-0.6043739318847656,0.2537193298339844,-0.019819426583126187,0.028559288359247148,48.0,10.0,3.0,ascat
A85,2026-03-06,-68.38,-56.79,30.0,0.1451101303100586,1.188298225402832,-0.025080894236452878,0.05876467004418373,96.0,10.0,3.0,nic
A85,2026-03-08,-68.372,-57.2904,30.0,2.4521236419677734,0.6049957275390625,0.02962064277380705,0.036770686972886324,48.0,10.0,3.0,ascat
A85,2026-03-12,-68.464,-57.2937,30.0,1.1641969680786133,-2.511916160583496,0.018152416916564107,0.014161060331389308,96.0,10.0,3.0,ascat
A85,2026-03-14,-68.464,-57.2937,30.0,3.455587387084961,-4.525304794311523,0.036442209500819445,0.03401101008057594,48.0,10.0,3.0,ascat
A85,2026-03-16,-68.464,-57.2937,30.0,0.5531845092773438,-0.9913444519042969,-0.010684841312468052,0.012632300262339413,48.0,10.0,3.0,ascat
A85,2026-03-18,-68.4607,-57.4916,30.0,-0.8835525512695312,2.586507797241211,-0.0271619432605803,0.023310096934437752,48.0,10.0,3.0,ascat
A85,2026-03-20,-68.4607,-57.4916,30.0,1.589700698852539,-0.3843975067138672,0.017548299860209227,0.01441824552603066,48.0,10.0,3.0,ascat
A85,2026-03-22,-68.4936,-57.4061,30.0,2.131762742996216,-0.5618534088134766,0.0075509783637244254,0.037521332735195756,48.0,10.0,3.0,ascat
A85,2026-03-24,-68.5271,-57.4869,30.0,-1.3543663024902344,-2.3192100524902344,0.011237965692998841,-0.008724689134396613,48.0,10.0,3.0,ascat
A85,2026-03-26,-68.28190000000001,-57.58945,30.0,-2.977151870727539,1.5451641082763672,-0.0653842855244875,0.08562260726466775,48.0,10.0,3.0,ascat
A85,2026-03-28,-68.1481,-57.6499,30.0,1.2016353607177734,7.907258987426758,-0.0372081664390862,0.09292790060862899,48.0,10.0,3.0,ascat
A85,2026-03-30,-68.2064,-57.5974,30.0,-2.701263427734375,-1.9698963165283203,0.010736387688666582,-0.022422300186008215,48.0,10.0,3.0,ascat
A85,2026-04-01,-68.13374999999999,-57.7241,30.0,0.4198131561279297,1.1047439575195312,-0.007559416349977255,0.02880512084811926,48.0,10.0,3.0,ascat
A85,2026-04-03,-68.13040000000001,-57.661500000000004,30.0,-4.2396240234375,3.9066009521484375,-0.031418696977198124,0.03188742930069566,48.0,10.0,3.0,ascat
A85,2026-04-05,-68.1474,-57.6099,30.0,-1.2774105072021484,-5.018693923950195,0.01943871402181685,0.003337698522955179,48.0,10.0,3.0,ascat
A85,2026-04-07,-68.1717,-57.7614,30.0,-4.002227783203125,-4.239583969116211,-0.0055934788106242195,-0.038760947063565254,48.0,10.0,3.0,ascat
A85,2026-04-09,-68.31,-57.29,30.0,-7.97407341003418,-0.44724082946777344,-0.033691630233079195,0.005347207770682871,48.0,10.0,3.0,nic
A85,2026-04-13,-68.1768,-57.686,30.0,-4.273663520812988,-3.3435182571411133,0.011911540561413858,-0.0064531765528954566,96.0,10.0,3.0,ascat
A85,2026-04-15,-68.11135,-57.72175,30.0,0.22568321228027344,-0.029621124267578125,-0.005996318184770644,0.06854626350104809,48.0,10.0,3.0,ascat
A85,2026-04-17,-68.1617,-57.53985,30.0,-1.770772933959961,3.3831558227539062,-0.0022327582410071045,0.040198287926614285,48.0,10.0,3.0,nic
A85,2026-04-19,-68.0534,-57.77445,30.0,0.16697120666503906,-2.09619140625,0.01603109622374177,0.029676734237000346,48.0,10.0,3.0,ascat
A85,2026-04-21,-68.03855,-57.73155,30.0,-0.7027645111083984,2.365896224975586,-0.00856625975575298,0.03600072721019387,48.0,10.0,3.0,ascat
B09B,2026-01-01,-66.0993,143.2278,270.0,0.2846527099609375,-3.4820556640625,0.004141751676797867,0.014058650471270084,,27.0,10.0,ascat
B09B,2026-01-03,-66.0993,143.2278,270.0,0.9463367462158203,-2.407878875732422,-0.01715461164712906,0.014929609606042504,48.0,27.0,10.0,ascat
B09B,2026-01-05,-66.0993,143.2278,270.0,-7.086004257202148,2.6004886627197266,-0.16041461937129498,-0.046710859052836895,48.0,27.0,10.0,ascat
B09B,2026-01-07,-66.0993,143.2278,270.0,-8.196102142333984,6.156389236450195,-0.15438582375645638,-0.01784987119026482,48.0,27.0,10.0,ascat
B09B,2026-01-09,-66.0993,143.2278,270.0,-3.3906517028808594,4.056745529174805,-0.0561940036714077,0.016622994327917695,48.0,27.0,10.0,ascat
B09B,2026-01-11,-66.0993,143.2278,270.0,1.8352642059326172,-1.0923576354980469,0.003652624785900116,-0.00937459061970003,48.0,27.0,10.0,ascat
B09B,2026-01-13,-66.0993,143.2278,270.0,-5.769443511962891,2.280244827270508,-0.06471500953193754,-0.025383817963302135,48.0,27.0,10.0,ascat
B09B,2026-01-15,-66.0993,143.2278,270.0,-1.1352119445800781,0.24589920043945312,-0.02461199404206127,0.031160290469415486,48.0,27.0,10.0,ascat
B09B,2026-01-17,-66.0993,143.2278,270.0,1.1265392303466797,-0.949615478515625,0.008905821479856968,0.04486265918239951,48.0,27.0,10.0,ascat
B09B,2026-01-19,-66.0993,143.2278,270.0,2.4355525970458984,1.4611492156982422,-0.012437996454536915,0.05511543108150363,48.0,27.0,10.0,ascat
B09B,2026-01-21,-66.0993,143.2278,270.0,-5.209812164306641,2.1215972900390625,-0.07079287432134151,-0.03371148055884987,48.0,27.0,10.0,ascat
B09B,2026-01-23,-66.0993,143.2278,270.0,-2.6905670166015625,1.65142822265625,-0.054916040040552616,-0.011085532256402075,48.0,27.0,10.0,ascat
B09B,2026-01-25,-66.0993,143.2278,270.0,-6.717205047607422,1.0012092590332031,-0.03688559867441654,-0.05918169114738703,48.0,27.0,10.0,ascat
B09B,2026-01-27,-66.0993,143.2278,270.0,-3.423938751220703,-0.6759166717529297,-0.008156234864145517,-0.021928535774350166,48.0,27.0,10.0,ascat
B09B,2026-01-29,-66.0993,143.2278,270.0,2.843812942504883,2.741626739501953,-0.0005684196949005127,0.05115213431417942,48.0,27.0,10.0,ascat
B09B,2026-01-31,-66.0993,143.2278,270.0,2.0198116302490234,2.158571243286133,-0.030958323273807764,0.033055281557608396,48.0,27.0,10.0,ascat
B09B,2026-02-02,-66.0993,143.2278,270.0,-3.9222946166992188,3.2421092987060547,-0.09231843240559101,-0.060381243645679206,48.0,27.0,10.0,ascat
B09B,2026-02-04,-66.0993,143.2278,270.0,-5.556783676147461,3.2076377868652344,-0.07626073248684406,-0.0628077844157815,48.0,27.0,10.0,ascat
B09B,2026-02-06,-66.0993,143.2278,270.0,0.32843780517578125,2.555631637573242,-0.037463386077433825,0.02817621175199747,48.0,27.0,10.0,ascat
B09B,2026-02-08,-66.0993,143.2278,270.0,4.28082275390625,-1.404195785522461,0.0265633394010365,0.043525561690330505,48.0,27.0,10.0,ascat
B09B,2026-02-10,-66.0993,143.2278,270.0,-1.5382118225097656,1.7223186492919922,-0.065209093503654,-0.03668531496077776,48.0,27.0,10.0,ascat
B09B,2026-02-12,-66.0993,143.2278,270.0,-10.111093521118164,7.348211288452148,-0.1218508027959615,-0.045185125432908535,48.0,27.0,10.0,ascat
B09B,2026-02-14,-66.10365,143.2776,270.0,3.6101856231689453,-1.343780517578125,0.08128225128166378,0.032896905206143856,48.0,27.0,10.0,ascat
B09B,2026-02-16,-66.1556,143.3994,270.0,4.155330657958984,-5.267665863037109,0.1042069224640727,-0.02908399677835405,48.0,27.0,10.0,ascat
B09B,2026-02-18,-66.0997,143.3619,270.0,-2.0898704528808594,2.6044788360595703,-0.06634720601141453,-0.06624543340876698,48.0,27.0,10.0,ascat
B09B,2026-02-20,-66.1266,143.4951,270.0,-11.12894058227539,3.7728118896484375,-0.06396294012665749,-0.037687064381316304,48.0,27.0,10.0,ascat
B09B,2026-02-22,-66.0934,143.48865,270.0,-8.137954711914062,3.2487831115722656,-0.05132923647761345,-0.036322430009022355,48.0,27.0,10.0,ascat
B09B,2026-02-24,-66.1188,143.3965,270.0,-8.481210708618164,0.4260406494140625,-0.022983987582847476,-0.05874300468713045,48.0,27.0,10.0,ascat
B09B,2026-02-26,-66.1188,143.3965,270.0,-5.405242919921875,2.1284027099609375,-0.0002461064141243696,-0.0015862939762882888,48.0,27.0,10.0,ascat
B09B,2026-02-28,-66.12115,143.41105,270.0,-2.8852062225341797,3.349090576171875,-0.00528090912848711,-0.0022357238340191543,48.0,27.0,10.0,ascat
B09B,2026-03-02,-66.1235,143.4256,270.0,-2.4758338928222656,1.2982749938964844,0.0018686233088374138,-0.02562793157994747,48.0,27.0,10.0,ascat
B09B,2026-03-04,-66.1235,143.4256,270.0,-4.593406677246094,-2.6381053924560547,0.038923232816159725,-0.04307628609240055,48.0,27.0,10.0,ascat
B09B,2026-03-06,-66.1235,143.4256,270.0,-4.401815414428711,4.232450485229492,-0.040213024243712425,0.003455600468441844,48.0,27.0,10.0,ascat
B09B,2026-03-08,-66.1235,143.4256,270.0,-3.3833255767822266,-0.0695648193359375,0.0006100935861468315,-0.019694447284564376,48.0,27.0,10.0,ascat
B09B,2026-03-10,-66.1333,143.3699,270.0,3.0444984436035156,-5.904090881347656,0.06756518385373056,9.591008711140603e-05,48.0,27.0,10.0,ascat
B09B,2026-03-12,-66.1431,143.3142,270.0,-3.8975181579589844,3.164602279663086,-0.041014633141458035,0.007033182861050591,48.0,27.0,10.0,ascat
B09B,2026-03-14,-66.1431,143.3142,270.0,-0.37241554260253906,4.172082901000977,-0.03776696976274252,0.044118117075413465,48.0,27.0,10.0,ascat
B09B,2026-03-16,-66.1431,143.3142,270.0,-2.7115859985351562,2.216907501220703,-0.09991752728819847,0.009935322723322315,48.0,27.0,10.0,ascat
B09B,2026-03-18,-66.0957,143.2884,270.0,-6.612556457519531,5.045736312866211,-0.1541826967149973,0.05081051423258032,48.0,27.0,10.0,ascat
B09B,2026-03-20,-66.0839,143.2495,270.0,1.120218276977539,3.412965774536133,-0.01783121656626463,0.06486975215375423,48.0,27.0,10.0,ascat
B09B,2026-03-22,-66.0839,143.2495,270.0,-3.315502882003784,2.4043331146240234,-0.045589263550937176,0.026570772286504507,48.0,27.0,10.0,ascat
B09B,2026-03-24,-66.0839,143.2495,270.0,-0.6169395446777344,2.3605995178222656,-0.035469477996230125,0.02707513887435198,48.0,27.0,10.0,ascat
B09B,2026-03-26,-66.0839,143.2495,270.0,-1.492654800415039,-1.4381122589111328,-0.021848207339644432,-0.007411081460304558,48.0,27.0,10.0,ascat
B09B,2026-03-28,-66.0839,143.2495,270.0,-6.968652725219727,6.468538284301758,-0.1857742965221405,0.04782562318723649,48.0,27.0,10.0,ascat
B09B,2026-03-30,-66.0839,143.2495,270.0,-1.609588623046875,5.39314079284668,-0.11421352438628674,0.06806292198598385,48.0,27.0,10.0,ascat
B09B,2026-04-01,-66.0839,143.2495,270.0,-7.81443977355957,3.1253738403320312,-0.18649949505925179,0.02975688478909433,48.0,27.0,10.0,ascat
B09B,2026-04-03,-66.0839,143.2495,270.0,-12.8162841796875,12.306747436523438,-0.27397082932293415,0.08318668324500322,48.0,27.0,10.0,ascat
B09B,2026-04-05,-66.0839,143.2495,270.0,-5.478094100952148,5.980817794799805,-0.1433699019253254,0.02898725471459329,48.0,27.0,10.0,ascat
B09B,2026-04-07,-66.0839,143.2495,270.0,-6.998443603515625,5.522623062133789,-0.1510970126837492,0.023277765372768044,48.0,27.0,10.0,ascat
B09B,2026-04-09,-66.0839,143.2495,270.0,-9.73750114440918,5.392602920532227,-0.15682284533977509,0.040509500075131655,48.0,27.0,10.0,ascat
B09B,2026-04-11,-66.0839,143.2495,270.0,-9.682258605957031,10.404308319091797,-0.188631571829319,0.09194455668330193,48.0,27.0,10.0,ascat
B09B,2026-04-13,-66.0839,143.2495,270.0,-7.624061584472656,7.594905853271484,-0.13969536125659943,0.02467952575534582,48.0,27.0,10.0,ascat
B09B,2026-04-15,-66.0839,143.2495,270.0,-9.592920303344727,6.046428680419922,-0.12389704585075378,0.016891823383048177,48.0,27.0,10.0,ascat
B09B,2026-04-17,-66.0839,143.2495,270.0,-4.150777816772461,4.168678283691406,-0.06516250967979431,0.04643636662513018,48.0,27.0,10.0,ascat
B09B,2026-04-19,-66.0839,143.2495,270.0,-3.814229965209961,2.684326171875,-0.10977496206760406,0.010485405568033457,48.0,27.0,10.0,ascat
B09B,2026-04-21,-66.0839,143.2495,270.0,-7.121953964233398,3.154836654663086,-0.11241282150149345,0.019653726601973176,48.0,27.0,10.0,ascat
B09G,2026-01-01,-68.18,41.57,84.0,0.8598480224609375,-0.7691650390625,-0.009990043006837368,-0.07790795713663101,,12.0,7.0,nic
B09G,2026-01-15,-68.18,41.57,84.0,3.179489771525065,1.5756066640218098,-0.037576049100607634,0.060656292752052345,144.0,12.0,7.0,nic
B09G,2026-01-25,-68.2401,41.2926,84.0,-8.163005828857422,-2.168346405029297,-0.18965087458491325,-0.12111545540392399,48.0,12.0,7.0,ascat
B09G,2026-01-29,-68.16,41.48,84.0,-6.962796211242676,-1.7722272872924805,-0.15484205074608326,-0.10857333289459348,96.0,12.0,7.0,nic
B09G,2026-01-31,-68.2635,41.2355,84.0,-0.30428504943847656,1.5449237823486328,-0.12490387633442879,-0.06111632380634546,48.0,12.0,7.0,ascat
B09G,2026-02-06,-68.21674999999999,41.38775,84.0,-5.137969334920247,-1.6191654205322266,-0.13162463158369064,-0.17742345544199148,144.0,12.0,7.0,nic
B09G,2026-02-08,-68.209,41.511,84.0,-3.90582275390625,-1.057516098022461,-0.10945384111255407,-0.18115822412073612,48.0,12.0,7.0,ascat
B09G,2026-02-10,-68.2063,41.53830000000001,84.0,-3.9425086975097656,-1.4969196319580078,-0.08550739660859108,-0.1801866665482521,48.0,12.0,7.0,ascat
B09G,2026-02-12,-68.2078,41.6191,84.0,-5.481821060180664,-2.1506900787353516,-0.11399348173290491,-0.21666369959712029,48.0,12.0,7.0,ascat
B09G,2026-02-14,-68.2078,41.6191,84.0,-5.734540939331055,-1.100250244140625,-0.10470445826649666,-0.16481056064367294,48.0,12.0,7.0,ascat
B09G,2026-02-16,-68.1871,41.6236,84.0,-1.8900794982910156,0.050693511962890625,0.0055947022046893835,-0.15242011845111847,48.0,12.0,7.0,ascat
B09G,2026-02-18,-68.1871,41.6236,84.0,-6.785793304443359,-1.8874645233154297,0.14130043052136898,-0.2138412781059742,48.0,12.0,7.0,ascat
B09G,2026-02-20,-68.1871,41.6236,84.0,-4.286411285400391,-0.5722808837890625,0.12485112808644772,-0.12674663215875626,48.0,12.0,7.0,ascat
B09G,2026-02-22,-68.18430000000001,41.6612,84.0,-11.238906860351562,-2.3660850524902344,0.0803864635527134,-0.09770904015749693,48.0,12.0,7.0,ascat
B09G,2026-02-24,-68.1765,41.71385,84.0,-2.832162857055664,1.3770904541015625,0.0736295327078551,0.07080518361181021,48.0,12.0,7.0,ascat
B09G,2026-02-26,-68.1715,41.7289,84.0,-0.415618896484375,0.2067718505859375,0.009329821448773146,-0.0198763320222497,48.0,12.0,7.0,ascat
B09G,2026-03-08,-68.2059,41.4863,84.0,-6.512598037719727,-2.5082855224609375,-0.25112102925777435,0.009920129086822271,48.0,12.0,7.0,ascat
B09G,2026-03-10,-68.2083,41.443,84.0,-1.8297691345214844,0.33589935302734375,-0.24127529561519623,-0.15303505584597588,48.0,12.0,7.0,ascat
B09G,2026-03-12,-68.21085,41.471149999999994,84.0,6.168643951416016,4.050954818725586,-0.12904028221964836,-0.013139087008312345,48.0,12.0,7.0,ascat
B09G,2026-03-14,-68.21834999999999,41.54685,84.0,-7.874368667602539,-1.9087276458740234,-0.29388339444994926,-0.04683405952528119,48.0,12.0,7.0,ascat
B09G,2026-03-16,-68.2233,41.5944,84.0,-5.129920959472656,-2.114391326904297,-0.42337577790021896,-0.17980549111962318,48.0,12.0,7.0,ascat
B09G,2026-03-18,-68.22905,41.536699999999996,84.0,-6.217048645019531,-1.353677749633789,-0.4900653511285782,-0.2780807837843895,48.0,12.0,7.0,ascat
B09G,2026-03-20,-68.2216,41.519,84.0,-14.320943832397461,-5.573728561401367,-0.6413492411375046,-0.47419771552085876,48.0,12.0,7.0,ascat
B09G,2026-03-22,-68.2216,41.519,84.0,-6.385327100753784,-3.1416873931884766,-0.470154769718647,-0.3317335620522499,48.0,12.0,7.0,ascat
B09G,2026-03-24,-68.22815,41.498999999999995,84.0,-3.4288291931152344,0.6248817443847656,-0.3716398999094963,-0.28285758942365646,48.0,12.0,7.0,ascat
B09G,2026-03-26,-68.21414999999999,41.5013,84.0,-11.104837417602539,-2.625856399536133,-0.3255494460463524,-0.38168077915906906,48.0,12.0,7.0,ascat
B09G,2026-03-28,-68.201,41.5413,84.0,-8.740625381469727,-0.6689128875732422,-0.2598094642162323,-0.4337237775325775,48.0,12.0,7.0,ascat
B09G,2026-03-30,-68.215,41.539,84.0,0.368438720703125,1.0988292694091797,-0.22295846790075302,-0.29846248030662537,48.0,12.0,7.0,ascat
B09G,2026-04-01,-68.2216,41.519,84.0,-7.00108528137207,-3.0430831909179688,-0.06627791188657284,-0.36629894375801086,48.0,12.0,7.0,ascat
B09G,2026-04-03,-68.21585,41.57665,84.0,-8.1986083984375,-4.2173004150390625,-0.07169398805126548,-0.44531168416142464,48.0,12.0,7.0,ascat
B09G,2026-04-05,-68.1953,41.5989,84.0,-11.177190780639648,-3.8617115020751953,-0.27223594300448895,-0.13744197599589825,48.0,12.0,7.0,ascat
B09G,2026-04-07,-68.2084,41.559,84.0,-10.752838134765625,-2.851156234741211,-0.2729072216898203,-0.07178829284384847,48.0,12.0,7.0,ascat
B09G,2026-04-09,-68.2084,41.559,84.0,-6.71491813659668,-1.6495113372802734,-0.10041001997888088,-0.08765035215765238,48.0,12.0,7.0,ascat
B09G,2026-04-11,-68.2242,41.5694,84.0,-0.5306472778320312,0.8944206237792969,-0.05892471969127655,-0.0933811217546463,48.0,12.0,7.0,ascat
B09G,2026-04-13,-68.2242,41.5694,84.0,-1.4455947875976562,0.8991050720214844,-0.05716310255229473,-0.14184200577437878,48.0,12.0,7.0,ascat
B09G,2026-04-15,-68.2225,41.494,84.0,-4.878320693969727,-0.4947090148925781,-0.044040003791451454,-0.12466283421963453,48.0,12.0,7.0,ascat
B09G,2026-04-17,-68.22335,41.5317,84.0,-10.915426254272461,-2.0515365600585938,-0.10162146016955376,-0.14942947402596474,48.0,12.0,7.0,ascat
B09G,2026-04-19,-68.2242,41.5694,84.0,-7.214010238647461,-1.9656982421875,-0.06378921680152416,-0.08315643481910229,48.0,12.0,7.0,ascat
B09G,2026-04-21,-68.2242,41.5694,84.0,-10.709844589233398,-4.545969009399414,-0.11346826050430536,-0.08198942965827882,48.0,12.0,7.0,ascat
B15AB,2026-01-01,-58.0,-39.43,40.0,-1.5005035400390625,4.6976318359375,0.1479530781507492,-0.011686953715980053,,10.0,4.0,nic
B15AB,2026-01-15,-56.77,-38.14,40.0,5.8446915944417315,-0.38175010681152344,0.041655419898840286,0.02336952497716993,144.0,10.0,4.0,nic
B15AB,2026-01-29,-57.62,-35.11,40.0,6.026499430338542,0.7965901692708334,0.11850951069694322,-0.04931949358433485,144.0,10.0,4.0,nic
B15AB,2026-02-12,-54.98,-33.86,40.0,4.386874516805013,1.0952739715576172,0.05656490936235059,0.21363316165904203,144.0,10.0,4.0,nic
B15AB,2026-02-18,-53.63,-34.56,40.0,6.032470067342122,-2.9856789906819663,-0.09213453480818619,0.2571503274763624,144.0,10.0,4.0,nic
B15AB,2026-02-20,-53.5683,-34.5877,40.0,8.67733383178711,-5.2535552978515625,0.006482922006398439,0.02433597610797733,48.0,10.0,4.0,ascat
B15AB,2026-02-22,-53.5935,-34.475300000000004,40.0,0.7314300537109375,-2.8870811462402344,0.0015145564102567732,-0.02192077337531373,48.0,10.0,4.0,ascat
B15AB,2026-02-26,-53.5741,-34.3619,16.0,1.764113426208496,-2.745420455932617,-0.003533493960276246,-0.05318995856214315,96.0,8.0,2.0,ascat
B15AB,2026-02-28,-53.6148,-34.017,16.0,-4.35066032409668,-3.679229736328125,0.02007686230354011,-0.09779664658708498,48.0,8.0,2.0,ascat
B15AB,2026-03-02,-53.54,-33.9455,16.0,5.625484466552734,-3.6294593811035156,0.0626366650685668,-0.02621344945509918,48.0,8.0,2.0,ascat
B15AB,2026-03-04,-53.47665,-33.8535,16.0,8.023292541503906,-4.638959884643555,0.062362332828342915,0.007954276807140559,48.0,8.0,2.0,ascat
B15AB,2026-03-06,-53.195750000000004,-33.77615,14.0,7.261880874633789,-6.198579788208008,0.0808840780518949,0.04847316711675376,48.0,7.0,2.0,nic
B15AB,2026-03-08,-52.96075,-33.70125,14.0,6.461034774780273,-1.0926361083984375,0.059158466989174485,0.17957486025989056,48.0,7.0,2.0,ascat
B15AB,2026-03-10,-52.7686,-33.8189,14.0,-0.18743515014648438,7.819908142089844,-0.014492668909952044,0.14638866297900677,48.0,7.0,2.0,ascat
B15AB,2026-03-12,-52.68625,-33.75065,14.0,7.519840240478516,2.154958724975586,-0.019211305014323443,0.09985400643199682,48.0,7.0,2.0,ascat
B15AB,2026-03-14,-52.55535,-33.515649999999994,14.0,7.614156723022461,-0.5991573333740234,-0.008664030814543366,0.04321245010942221,48.0,7.0,2.0,ascat
B15AB,2026-03-16,-52.59555,-33.29185,14.0,5.686973571777344,-4.373424530029297,0.10470683500170708,0.016204682528041303,48.0,7.0,2.0,ascat
B15AB,2026-03-18,-52.6196,-33.0262,14.0,5.579826354980469,-5.817178726196289,0.17350785620510578,0.06665114883799106,48.0,7.0,2.0,ascat
B15AB,2026-03-20,-52.3599,-32.7043,14.0,8.905984878540039,-5.227048873901367,0.13816485542338341,0.13311657309532166,48.0,7.0,2.0,ascat
B15AB,2026-03-22,-51.9892,-32.6605,14.0,7.572436571121216,-2.3670291900634766,0.006937687983736396,0.11803139001131058,48.0,7.0,2.0,ascat
B15AB,2026-03-24,-51.91905,-32.7185,14.0,7.284061431884766,-6.210323333740234,0.02719259075820446,0.09261071309447289,48.0,7.0,2.0,ascat
B15AB,2026-03-26,-51.83885,-32.8054,14.0,7.857564926147461,-2.510622024536133,-0.004772660322487354,0.08362110331654549,48.0,7.0,2.0,ascat
B22A,2026-01-01,-70.45,-178.75,725.0,-0.3305816650390625,-0.3570556640625,-0.05966075882315636,-0.051005132496356964,,29.0,25.0,nic
B22A,2026-01-15,-70.43,-178.73,725.0,-0.5994002024332682,1.3051802317301433,-0.020499238278716803,-0.005824333444858591,144.0,29.0,25.0,nic
B22A,2026-01-29,-70.49,-179.03,725.0,1.4220479329427083,-1.1024576822916667,0.01438254932872951,0.009480521082878113,144.0,29.0,25.0,nic
B22A,2026-02-12,-70.6,-179.1,725.0,-0.009040196736653646,-0.4494851430257161,-0.001836571983100536,0.048669656117757164,144.0,29.0,25.0,nic
B22A,2026-02-18,-70.61,-178.98,725.0,6.159830093383789,-4.445436477661133,0.008427996324220052,0.04964946101730069,144.0,29.0,25.0,nic
B22A,2026-03-12,-70.68,-178.75,725.0,1.3417949676513672,-0.77337646484375,0.009598904444525639,-0.04902826435863972,144.0,29.0,25.0,nic
B22A,2026-03-26,-70.7,-178.6,725.0,6.811870972315471,-1.312374750773112,0.06065322613964478,0.03882949186178545,144.0,29.0,25.0,nic
B22A,2026-04-09,-70.65,-178.19,725.0,1.6940962473551433,3.4593289693196616,-0.03208217731056114,0.05447043633709351,144.0,29.0,25.0,nic
B22A,2026-04-19,-70.6024,-178.3376,725.0,3.129617691040039,3.71630859375,-0.011924944818019867,0.03494894411414862,48.0,29.0,25.0,ascat
B22A,2026-04-21,-70.5887,-178.4135,725.0,3.9610538482666016,0.8137722015380859,-0.02458674181252718,0.056147591676563025,48.0,29.0,25.0,ascat
B22F,2026-01-01,-68.2482,-176.70225,112.0,5.8481292724609375,1.0296630859375,-0.04187365248799324,-0.027678875252604485,,14.0,8.0,ascat
B22F,2026-01-03,-68.2205,-177.25445,112.0,-3.6148204803466797,0.07954788208007812,-0.046883891336619854,-0.04067676980048418,48.0,14.0,8.0,ascat
B22F,2026-01-07,-68.3319,-177.3334,112.0,-0.2624797821044922,3.084334373474121,-0.03996869375987444,0.03112555469851941,96.0,14.0,8.0,ascat
B22F,2026-01-09,-69.85595,-178.0488,112.0,-0.5442161560058594,0.4616527557373047,-0.03902818821370602,-0.03086765471380204,48.0,14.0,8.0,nic
B22F,2026-01-11,-71.4772,-179.0922,112.0,-2.198305130004883,3.994922637939453,-0.07886389782652259,-0.0023189790081232786,48.0,14.0,8.0,ascat
B22F,2026-01-13,-71.5721,-179.1439,112.0,2.9262351989746094,2.908784866333008,0.004175397771177813,0.02857142104767263,48.0,14.0,8.0,ascat
B22F,2026-01-15,-68.2775,-177.41785,112.0,-2.229816436767578,-2.614574432373047,0.035940138332080096,-0.0027450576089904644,48.0,14.0,8.0,ascat
B22F,2026-01-17,-68.224,-177.309,112.0,0.4215831756591797,-1.848541259765625,0.0051727452664636075,0.044790631625801325,48.0,14.0,8.0,ascat
B22F,2026-01-19,-71.64225,-178.94895,112.0,0.15466880798339844,-0.11441230773925781,-0.04193809628486633,0.01585399632313056,48.0,14.0,8.0,ascat
B22F,2026-01-21,-71.6345,-178.926,112.0,-0.19955825805664062,5.2032623291015625,-0.03415549639612436,0.01328771619591862,48.0,14.0,8.0,ascat
B22F,2026-01-23,-71.6345,-178.926,112.0,-1.3015289306640625,1.42291259765625,-0.0027084676548838615,-0.007048718398436904,48.0,14.0,8.0,ascat
B22F,2026-01-25,-71.6335,-178.7655,112.0,-0.6399345397949219,1.1640510559082031,-0.0006210698193171993,0.008385886787436903,48.0,14.0,8.0,ascat
B22F,2026-01-27,-71.6643,-178.7968,112.0,2.063243865966797,-0.9004039764404297,0.03410414453537669,0.004523462179349735,48.0,14.0,8.0,ascat
B22F,2026-01-29,-71.65674999999999,-178.8174,112.0,-0.5302104949951172,-0.6789054870605469,-0.033574456349015236,0.00037713072379119694,48.0,14.0,8.0,ascat
B22F,2026-02-02,-71.6036,-178.881,112.0,7.49912166595459,6.531041145324707,-0.016177944227820262,0.06846877140924335,96.0,14.0,8.0,ascat
B22F,2026-02-04,-71.6247,-178.8797,112.0,3.952127456665039,3.6693077087402344,0.001194640644825995,0.024361017625778913,48.0,14.0,8.0,ascat
B22F,2026-02-06,-67.99685,-177.42815000000002,112.0,-2.4218063354492188,-0.3655109405517578,0.002018714032601565,0.011693326639942825,48.0,14.0,8.0,nic
B22F,2026-02-12,-69.74835,-178.1951,112.0,1.645785649617513,-2.9548155466715493,0.030832819873467088,0.03305597526680989,144.0,14.0,8.0,ascat
B22F,2026-02-14,-67.8917,-177.3223,112.0,3.3585987091064453,-9.358551025390625,0.06629098381381482,0.041070831881370395,48.0,14.0,8.0,ascat
B22F,2026-02-16,-71.5614,-178.5285,112.0,9.652278900146484,-8.20797348022461,0.06698114238679409,0.06843126472085714,48.0,14.0,8.0,ascat
B22F,2026-02-18,-67.68,-177.25,112.0,11.28744888305664,-0.9605846405029297,0.016417696024291217,0.058284540893509984,48.0,14.0,8.0,nic
B22F,2026-02-20,-67.6257,-177.4843,112.0,0.8793601989746094,-1.0655670166015625,-0.022428688826039433,-0.020920959766954184,48.0,14.0,8.0,ascat
B22F,2026-02-22,-67.5337,-177.9412,112.0,-0.5446929931640625,2.0991249084472656,-0.08977779792621732,-0.0006205887184478343,48.0,14.0,8.0,ascat
B22F,2026-02-24,-67.5208,-178.0459,112.0,7.763662338256836,-1.0383148193359375,-0.010498120216652751,0.011781018460169435,48.0,14.0,8.0,ascat
B22F,2026-02-26,-67.5824,-178.3209,112.0,0.702178955078125,-5.7972564697265625,0.0053187993908068165,-0.04924336657859385,48.0,14.0,8.0,ascat
B22F,2026-02-28,-67.51745,-178.3635,112.0,-0.11713981628417969,-2.610626220703125,-0.029151220805943012,-0.020854616188444197,48.0,14.0,8.0,ascat
B22F,2026-03-02,-67.3758,-178.5407,112.0,-2.0410194396972656,4.358943939208984,-0.04289142997004092,-0.010165074745600577,48.0,14.0,8.0,ascat
B22F,2026-03-04,-67.24795,-178.7375,112.0,2.3660659790039062,-0.5847606658935547,0.0168238605838269,0.006789096893044189,48.0,14.0,8.0,ascat
B22F,2026-03-06,-67.2688,-178.7273,98.0,0.8579502105712891,-2.042573928833008,0.008276389446109533,-0.021885397844016552,48.0,14.0,7.0,ascat
B22F,2026-03-08,-67.129,-179.1596,98.0,-4.356958389282227,0.2939605712890625,-0.04389067250303924,-0.0014570285566151142,48.0,14.0,7.0,ascat
B22F,2026-03-10,-67.118,-179.1422,98.0,3.2782630920410156,-0.5266494750976562,0.016539420728804544,0.03976137796416879,48.0,14.0,7.0,ascat
B22F,2026-03-12,-67.16,-179.09,98.0,4.665225982666016,-6.571359634399414,0.04278313647955656,0.016894820697416435,48.0,14.0,7.0,nic
B22F,2026-03-14,-67.1383,-179.0466,98.0,2.152242660522461,4.120691299438477,-0.03362584160640836,0.040191193111240864,48.0,14.0,7.0,ascat
B22F,2026-03-20,-67.14,-179.69,98.0,5.371735254923503,2.1303882598876953,0.03828806375774244,0.048704102829409145,144.0,14.0,7.0,nic
B22F,2026-03-22,-67.138,-179.8612,98.0,11.125170946121216,-3.5044803619384766,0.06246008072048426,0.06164532620459795,48.0,14.0,7.0,ascat
B22F,2026-03-24,-67.138,-179.8612,98.0,10.417118072509766,-4.843746185302734,0.06780559755861759,0.06527470424771309,48.0,14.0,7.0,ascat
B22F,2026-03-26,-67.08375000000001,-179.8973,98.0,14.350118637084961,-2.082399368286133,0.0498707857914269,0.08226976171135902,48.0,14.0,7.0,ascat
B22F,2026-03-30,-67.2221,179.8221,98.0,5.58333683013916,-5.440305709838867,0.033293308108113706,0.028742158319801092,96.0,14.0,7.0,ascat
B22F,2026-04-01,-67.3704,179.5782,98.0,-3.9351673126220703,8.504402160644531,-0.09188380651175976,0.04220772930420935,48.0,14.0,7.0,ascat
B22F,2026-04-03,-67.44345000000001,179.47424999999998,98.0,4.3349609375,10.752670288085938,0.00557559043954825,0.06131826713681221,48.0,14.0,7.0,nic
B22F,2026-04-09,-67.56555,179.80765,98.0,2.37980588277181,1.0649604797363281,0.08279035349066059,0.04425750207155943,144.0,14.0,7.0,ascat
B22F,2026-04-11,-67.57310000000001,-179.8962,98.0,5.663688659667969,-1.6556282043457031,0.0709872564766556,-0.028216879349201918,48.0,14.0,7.0,ascat
B22F,2026-04-13,-67.49,-179.5547,98.0,6.702232360839844,0.6472740173339844,-0.01608740258961916,0.036770287435501814,48.0,14.0,7.0,ascat
B22F,2026-04-15,-67.4393,-179.5098,98.0,6.962011337280273,2.308025360107422,0.029517795192077756,0.04313509212806821,48.0,14.0,7.0,ascat
B22F,2026-04-17,-67.32325,-179.47705,98.0,-3.025411605834961,3.7317886352539062,-0.03428722079843283,0.019455616362392902,48.0,14.0,7.0,ascat
B22F,2026-04-19,-67.23455,-179.5549,98.0,-2.759908676147461,4.7635498046875,-0.046542234282242134,0.03934371471405029,48.0,14.0,7.0,ascat
B22F,2026-04-21,-67.13445,-179.71280000000002,98.0,0.7377872467041016,2.689992904663086,-0.035435774858342484,0.05161902797408402,48.0,14.0,7.0,ascat
B22G,2026-01-01,-69.3723,-160.47084999999998,45.0,7.2026214599609375,0.3822021484375,0.0002525649906601757,0.05994308739900589,,9.0,5.0,ascat
B22G,2026-01-03,-69.2366,-160.08545,45.0,5.58036994934082,0.5269355773925781,-0.00535700292311958,0.039165111957117915,48.0,9.0,5.0,ascat
B22G,2026-01-05,-69.1873,-160.03109999999998,45.0,-4.654851913452148,1.6997318267822266,-0.07313381135463715,-0.06930196890607476,48.0,9.0,5.0,ascat
B22G,2026-01-09,-69.29,-160.13,45.0,2.2463836669921875,3.204127311706543,-0.011749161523766816,0.02706577256321907,96.0,9.0,5.0,nic
B22G,2026-01-11,-69.2617,-160.2583,45.0,-2.682558059692383,-0.22687911987304688,-0.038908250629901886,-0.04391045309603214,48.0,9.0,5.0,ascat
B22G,2026-01-13,-69.2092,-160.2614,45.0,3.3680076599121094,5.269258499145508,-0.03883215831592679,0.03726176731288433,48.0,9.0,5.0,ascat
B22G,2026-01-15,-69.18055000000001,-160.3164,45.0,3.636760711669922,1.1549568176269531,-0.00957168301101774,0.03159603208769113,48.0,9.0,5.0,ascat
B22G,2026-01-17,-69.217,-160.26850000000002,45.0,2.0338878631591797,-1.043731689453125,-0.007739947235677391,0.00038083631079643965,48.0,9.0,5.0,ascat
B22G,2026-01-19,-69.3187,-160.3408,45.0,-3.4221134185791016,-2.114534378051758,-0.03307060270890361,-0.05920996214263141,48.0,9.0,5.0,ascat
B22G,2026-01-21,-69.3264,-160.1491,45.0,-4.546970367431641,6.0338287353515625,-0.06783471256494522,-0.005442396271973848,48.0,9.0,5.0,ascat
B22G,2026-01-23,-69.27825,-160.019,45.0,2.3513031005859375,2.98870849609375,-0.0013632087502628565,0.022080149967223406,48.0,9.0,5.0,ascat
B22G,2026-01-25,-69.195,-160.0301,45.0,7.226642608642578,-0.9464225769042969,-0.014412712305784225,0.017163406126201153,48.0,9.0,5.0,ascat
B22G,2026-01-27,-69.202,-160.00435,45.0,2.648326873779297,0.8747425079345703,-0.01668785442598164,-0.00484958291053772,48.0,9.0,5.0,ascat
B22G,2026-01-29,-69.1908,-159.9972,45.0,2.630922317504883,-5.551219940185547,0.005277307704091072,-0.04914235230535269,48.0,9.0,5.0,ascat
B22G,2026-01-31,-69.1758,-160.087,45.0,1.3158321380615234,-3.029905319213867,-0.021477138390764594,-0.03428417770192027,48.0,9.0,5.0,ascat
B22G,2026-02-04,-69.1469,-160.1536,45.0,2.2300453186035156,4.8578033447265625,-0.04403596208430827,-0.008253834792412817,96.0,9.0,5.0,ascat
B22G,2026-02-06,-69.1283,-160.2538,45.0,4.664375305175781,2.111417770385742,-0.02058191131800413,-0.019532996171619743,48.0,9.0,5.0,ascat
B22G,2026-02-10,-69.0669,-160.3514,45.0,3.4379796981811523,-0.9993991851806641,0.03269438137067482,0.008804656798020005,96.0,9.0,5.0,ascat
B22G,2026-02-12,-69.0669,-160.3514,45.0,4.921743392944336,0.023260116577148438,0.03128684684634209,0.03302870527841151,48.0,9.0,5.0,ascat
B22G,2026-02-18,-69.18,-160.16,45.0,11.046833674112955,-2.6252053578694663,0.023525315957764786,0.03272516381305953,144.0,9.0,5.0,nic
B22G,2026-02-22,-68.8957,-159.9458,45.0,6.2996625900268555,7.890135765075684,-0.04868955572601408,0.021891996715567075,96.0,9.0,5.0,ascat
B22G,2026-02-24,-68.8957,-159.9458,45.0,5.375356674194336,4.8167877197265625,-0.01933924318291247,-0.004500995448324829,48.0,9.0,5.0,ascat
B22G,2026-02-26,-68.6909,-159.73265,45.0,2.679962158203125,2.1386566162109375,-0.01567177876131609,-0.029238556511700153,48.0,9.0,5.0,nic
B22G,2026-02-28,-68.519,-159.6614,45.0,1.6976795196533203,-3.807159423828125,0.023148939362727106,-0.0030677903559990227,48.0,9.0,5.0,ascat
B22G,2026-03-06,-68.49515,-159.94565,10.0,-0.38755353291829425,2.102659225463867,0.0005728224835669001,0.0304850193982323,144.0,5.0,2.0,ascat
B22G,2026-03-08,-68.4765,-159.9642,10.0,-6.695459365844727,4.1779937744140625,-0.03350401797797531,0.038083802442997694,48.0,5.0,2.0,ascat
B22G,2026-03-10,-68.4485,-159.91275000000002,10.0,5.194644927978516,3.6702499389648438,0.04065225791418925,0.07144939620047808,48.0,5.0,2.0,ascat
B22G,2026-03-12,-68.4594,-159.8802,10.0,8.296085357666016,-1.878610610961914,0.06352566182613373,0.06468280218541622,48.0,5.0,2.0,ascat
B22G,2026-03-16,-68.0344,-159.3483,10.0,5.097454071044922,-7.585940361022949,0.05768938921391964,0.024658722919411957,96.0,5.0,2.0,ascat
B22G,2026-03-18,-68.02085,-159.36365,10.0,3.5801925659179688,3.910482406616211,0.008479170850478113,0.05525308568030596,48.0,5.0,2.0,ascat
B22G,2026-04-05,-67.5694,-159.11295,10.0,8.491510391235352,4.494245529174805,0.001180822029709816,0.07864224165678024,48.0,5.0,2.0,ascat
B22G,2026-04-07,-67.5313,-159.13015000000001,10.0,7.787078857421875,6.724771499633789,-0.02490485238377005,0.07194459903985262,48.0,5.0,2.0,ascat
B22G,2026-04-09,-67.47035,-159.13549999999998,10.0,5.48442268371582,5.157495498657227,-0.02934568142518401,0.05436810664832592,48.0,5.0,2.0,ascat
B22G,2026-04-11,-67.4707,-159.1658,10.0,9.892326354980469,2.489025115966797,0.0043999794870615005,0.07796256896108389,48.0,5.0,2.0,ascat
B22G,2026-04-13,-67.2361,-159.2338,10.0,11.758628845214844,-0.5596351623535156,0.023201751057058573,0.08165020355954766,48.0,5.0,2.0,ascat
B22G,2026-04-15,-67.2512,-159.16055,10.0,10.902318954467773,7.264812469482422,-0.03718322911299765,0.05918247834779322,48.0,5.0,2.0,ascat
B22G,2026-04-17,-67.30205000000001,-159.2223,10.0,-4.849630355834961,1.7853775024414062,-0.0888238288462162,-0.0126967818941921,48.0,5.0,2.0,ascat
B22G,2026-04-19,-67.2912,-159.2404,10.0,0.16941261291503906,6.68798828125,-0.021802526898682117,0.05937563523184508,48.0,5.0,2.0,ascat
B22G,2026-04-21,-67.245,-159.14605,10.0,4.377313613891602,-0.20148658752441406,0.0011979584232904017,0.022446956078056246,48.0,5.0,2.0,ascat
B22H,2026-01-01,-71.45845,-178.9153,63.0,0.5961761474609375,0.6380615234375,-0.011282186023890972,-0.015179493464529514,,9.0,7.0,ascat
B22H,2026-01-03,-71.4616,-178.8888,63.0,1.4926013946533203,1.2317695617675781,-0.01653991942293942,-0.0015800765249878168,48.0,9.0,7.0,ascat
B22H,2026-01-09,-71.4328,-178.9075,63.0,0.9482924143473307,2.961367925008138,-0.02924260621269544,0.02132144496620943,144.0,9.0,7.0,ascat
B22H,2026-01-11,-71.49799999999999,-179.1433,63.0,-0.7728900909423828,3.726001739501953,-0.04758159816265106,0.03173676016740501,48.0,9.0,7.0,ascat
B22H,2026-01-15,-71.59,-179.15,63.0,1.500753402709961,0.2132101058959961,0.038133979483973235,0.0033404280547983944,96.0,9.0,7.0,nic
B22H,2026-01-29,-71.67,-178.9,63.0,0.125579833984375,-0.0880126953125,-0.0020435998061050973,0.009918241567599276,144.0,9.0,7.0,nic
B22H,2026-02-12,-71.56275,-179.01645,63.0,-0.02132860819498698,1.4715760548909504,0.004372790145377318,0.011766309151425958,144.0,9.0,7.0,ascat
B22H,2026-02-14,-71.6028,-178.8545,63.0,4.709062576293945,-8.481109619140625,0.051235418184660375,0.009807944225030951,48.0,9.0,7.0,ascat
B22H,2026-02-16,-71.5633,-178.3538,63.0,6.552791595458984,-4.402797698974609,0.0742696113884449,0.030055775365326554,48.0,9.0,7.0,ascat
B22H,2026-02-18,-71.4915,-178.4217,63.0,7.580905914306641,2.7654895782470703,0.019576559541746974,0.025299669679952785,48.0,9.0,7.0,ascat
B22H,2026-02-20,-71.55414999999999,-178.39305000000002,63.0,4.496303558349609,1.1187591552734375,0.008757803705520928,0.012719739926978946,48.0,9.0,7.0,ascat
B22H,2026-02-22,-71.5665,-178.3449,63.0,4.7044525146484375,3.3499794006347656,0.01902992418035865,0.004828132194234058,48.0,9.0,7.0,ascat
B22H,2026-02-24,-71.5917,-178.2946,63.0,6.213125228881836,1.2248687744140625,0.0016157610807567835,0.0009005311876535416,48.0,9.0,7.0,ascat
B22H,2026-02-26,-71.6713,-178.53055,48.0,-7.976898193359375,0.8697357177734375,-0.02548289962578565,-0.08973926119506359,48.0,8.0,6.0,nic
B22H,2026-02-28,-71.7829,-178.50855,48.0,-9.63117790222168,5.695648193359375,-0.036531311459839344,-0.06923676514998078,48.0,8.0,6.0,ascat
B22H,2026-03-02,-71.80619999999999,-178.43110000000001,48.0,0.2734336853027344,4.065486907958984,-0.002864897658582777,-0.04658356215804815,48.0,8.0,6.0,ascat
B22H,2026-03-04,-71.8473,-178.3589,48.0,2.0623550415039062,1.8929004669189453,-0.02035041048657149,-0.06546285934746265,48.0,8.0,6.0,ascat
B22H,2026-03-06,-71.90944999999999,-178.59404999999998,48.0,-2.779989242553711,1.0703411102294922,-0.040078795282170177,-0.09351609600707889,48.0,8.0,6.0,ascat
B22H,2026-03-08,-71.98384999999999,-178.79125,48.0,-6.563745498657227,5.3737945556640625,-0.021926853340119123,-0.06425730604678392,48.0,8.0,6.0,ascat
B22H,2026-03-10,-72.0227,-178.8535,48.0,5.528995513916016,-2.8179092407226562,0.047096711583435535,-0.01295143534662202,48.0,8.0,6.0,ascat
B22H,2026-03-12,-72.0509,-178.7304,48.0,4.892032623291016,-3.671945571899414,0.047318477649241686,-0.015534616744844243,48.0,8.0,6.0,ascat
B22H,2026-03-14,-72.0935,-178.97065,48.0,-1.902811050415039,3.3744754791259766,-0.03325959388166666,-0.01477503264322877,48.0,8.0,6.0,ascat
B22H,2026-03-16,-72.16135,-179.278,48.0,-0.5642471313476562,13.831043243408203,-0.037306735990568995,0.022790838731452823,48.0,8.0,6.0,ascat
B22H,2026-03-18,-72.2525,-179.55349999999999,48.0,2.1961593627929688,1.455404281616211,0.013057483214652166,0.0012051084277118207,48.0,8.0,6.0,ascat
B22H,2026-03-20,-72.24785,-179.73489999999998,48.0,1.680154800415039,6.834474563598633,-0.009489071322605014,0.031547099351882935,48.0,8.0,6.0,ascat
B22H,2026-03-22,-72.30879999999999,-179.957,48.0,2.705371141433716,4.427282333374023,0.008736330666579306,0.015591286239214242,48.0,8.0,6.0,ascat
B22H,2026-03-24,-72.3857,179.95544999999998,48.0,0.7130165100097656,-2.3854942321777344,0.04147591907531023,0.007398541551083326,48.0,8.0,6.0,ascat
B22H,2026-03-26,-72.40915,179.92669999999998,48.0,3.739278793334961,0.2840557098388672,-0.0010716011747717857,0.034761471673846245,48.0,8.0,6.0,ascat
B22H,2026-03-28,-72.4131,179.9266,48.0,1.9200191497802734,-1.0268230438232422,-0.012925253249704838,0.008941350039094687,48.0,8.0,6.0,ascat
B22H,2026-03-30,-72.496,179.4519,48.0,-4.516204833984375,9.86140251159668,-0.11837762128561735,0.06242095958441496,48.0,8.0,6.0,ascat
B22H,2026-04-01,-72.5612,179.2742,48.0,-3.0478382110595703,4.229499816894531,-0.1025560237467289,0.030618803342804313,48.0,8.0,6.0,ascat
B22H,2026-04-03,-72.5863,179.13,48.0,-0.2333984375,11.199447631835938,-0.08665901236236095,0.12065180903300643,48.0,8.0,6.0,ascat
B22H,2026-04-05,-72.5952,178.7358,48.0,-0.43073081970214844,4.604963302612305,-0.049083306454122066,0.06935042282566428,48.0,8.0,6.0,ascat
B22H,2026-04-09,-72.4123,178.1998,48.0,1.953486442565918,2.755430221557617,4.748406354337931e-05,0.030949517284170724,96.0,8.0,6.0,ascat
B22H,2026-04-11,-72.3417,177.7545,48.0,3.2885665893554688,1.7808952331542969,-0.004641889128834009,0.05037374491803348,48.0,8.0,6.0,ascat
B22H,2026-04-13,-72.3299,177.4414,48.0,-1.1998672485351562,7.598934173583984,-0.06264086929149926,0.07262935559265316,48.0,8.0,6.0,ascat
B22H,2026-04-17,-72.194,176.77405,48.0,2.1212053298950195,4.129549980163574,-0.006060189392883331,0.03829125501215458,96.0,8.0,6.0,nic
B22H,2026-04-19,-72.14955,176.6552,48.0,2.616189956665039,1.469970703125,0.013654786860570312,0.032084230333566666,48.0,8.0,6.0,ascat
B22H,2026-04-21,-72.1232,176.4117,48.0,3.6536808013916016,0.30547142028808594,-0.0007715350948274136,0.04420917120296508,48.0,8.0,6.0,ascat
B22I,2026-01-01,-70.5882,179.9012,45.0,-1.5737457275390625,-1.5445556640625,-0.058120064437389374,0.013397152535617352,,9.0,5.0,ascat
B22I,2026-01-03,-70.5649,179.94745,45.0,-2.0646495819091797,-0.4092216491699219,-0.06119597144424915,0.01418940699659288,48.0,9.0,5.0,ascat
B22I,2026-01-05,-70.505,-179.9012,45.0,-1.6465511322021484,3.1329593658447266,-0.07788559282198548,-0.0017537541316414718,48.0,9.0,5.0,ascat
B22I,2026-01-07,-70.49775,-179.88265,45.0,3.8333168029785156,0.3580493927001953,-0.00023057451471686363,0.04189726943150163,48.0,9.0,5.0,ascat
B22I,2026-01-09,-70.50495000000001,-179.864,45.0,-0.3646507263183594,1.9103832244873047,-0.04221089370548725,-0.030873349402099848,48.0,9.0,5.0,ascat
B22I,2026-01-11,-70.5194,-179.8639,45.0,-2.200502395629883,3.711597442626953,-0.06797572690993547,-0.00010812540131155401,48.0,9.0,5.0,ascat
B22I,2026-01-13,-69.9484,-178.6333,45.0,2.9677391052246094,2.392671585083008,-0.02025853341910988,0.024270822759717703,48.0,9.0,5.0,ascat
B22I,2026-01-15,-70.58,-179.58,45.0,-1.6734199523925781,-2.948070526123047,0.02188844361808151,-0.02734527294524014,48.0,9.0,5.0,nic
B22I,2026-01-17,-70.0067,-178.56035,45.0,-0.5395984649658203,-4.827667236328125,0.03354791842866689,0.011523771798238158,48.0,9.0,5.0,ascat
B22I,2026-01-23,-70.55,-178.15,45.0,0.6899483998616537,0.9699242909749349,-0.030684383857684832,0.005791718644710879,144.0,9.0,5.0,nic
B22I,2026-01-29,-70.31,-178.21,45.0,1.4961039225260417,-1.573486328125,0.007861790169651309,0.020389466391255457,144.0,9.0,5.0,nic
B22I,2026-02-04,-69.9952,-178.4473,45.0,4.899884541829427,4.563429514567058,-0.07550570896516244,0.05928944190964103,144.0,9.0,5.0,ascat
B22I,2026-02-06,-70.0043,-178.64535,45.0,-1.9164352416992188,-0.8484210968017578,-0.07834033947438002,-0.04694130830466747,48.0,9.0,5.0,ascat
B22I,2026-02-08,-70.0197,-178.8722,45.0,-5.65228271484375,-2.294210433959961,-0.07310127280652523,-0.06485478999093175,48.0,9.0,5.0,ascat
B22I,2026-02-10,-70.0355,-178.74795,45.0,0.9400596618652344,3.856229782104492,-0.07767176907509565,-0.015720966912340373,48.0,9.0,5.0,ascat
B22I,2026-02-12,-70.05,-178.8,45.0,4.444692611694336,-2.1383609771728516,0.0047319079749286175,-0.014013597858138382,48.0,9.0,5.0,nic
B22I,2026-02-18,-69.825,-178.1654,45.0,6.866006851196289,-4.890952428181966,0.00763255884036577,0.018291758839040995,144.0,9.0,5.0,ascat
B22I,2026-02-20,-69.7594,-178.2137,45.0,0.3384666442871094,-0.6916656494140625,-0.041456778068095446,0.006386079709045589,48.0,9.0,5.0,ascat
B22I,2026-02-24,-69.67245,-178.37965,45.0,6.1123151779174805,1.1768465042114258,-0.023891884338809177,0.04132782784290612,96.0,9.0,5.0,ascat
B22I,2026-02-26,-69.52,-178.37,45.0,-2.715423583984375,-2.5398101806640625,-0.027063326226198114,-0.02208547363989055,48.0,9.0,5.0,nic
B22I,2026-02-28,-69.38810000000001,-178.18380000000002,45.0,-3.2216320037841797,0.383148193359375,-0.04268728199531324,0.0072261804016307,48.0,9.0,5.0,ascat
B22I,2026-03-02,-69.30055,-178.16660000000002,45.0,-2.8411903381347656,3.9010581970214844,-0.027927954055485316,0.03830264043062925,48.0,9.0,5.0,ascat
B22I,2026-03-04,-69.2744,-178.1029,45.0,0.18711090087890625,0.013383865356445312,0.000335559991071932,0.025701007689349353,48.0,9.0,5.0,ascat
B22I,2026-03-06,-69.2398,-178.0773,14.0,-6.321981430053711,0.9104290008544922,-0.030986389610916376,-0.0028098192997276783,48.0,7.0,2.0,ascat
B22I,2026-03-08,-69.2269,-178.0611,14.0,-6.946802139282227,3.1226959228515625,-0.0466673809569329,0.002966912812553346,48.0,7.0,2.0,ascat
B22I,2026-03-10,-69.17835,-177.6991,14.0,5.795841217041016,-2.7056045532226562,0.03768029052298516,0.054438751423731446,48.0,7.0,2.0,ascat
B22I,2026-03-12,-69.0606,-177.30915,14.0,5.830875396728516,-5.664987564086914,0.04673067480325699,0.056244047824293375,48.0,7.0,2.0,ascat
B22I,2026-03-14,-68.98695000000001,-177.53905,14.0,-1.152444839477539,4.775110244750977,-0.03165942616760731,0.053212289698421955,48.0,7.0,2.0,ascat
B22I,2026-03-16,-68.92125,-177.61635,14.0,0.9030380249023438,12.314685821533203,-0.031209697714075446,0.0797366201877594,48.0,7.0,2.0,ascat
B22I,2026-03-18,-68.87575000000001,-177.71845,14.0,4.206535339355469,2.339681625366211,0.039591188076883554,0.0589289132039994,48.0,7.0,2.0,ascat
B22I,2026-03-20,-68.8164,-177.66335,14.0,3.736673355102539,-3.055784225463867,0.024026759248954477,0.09140053601004183,48.0,7.0,2.0,ascat
B22I,2026-03-22,-68.72370000000001,-177.63235,14.0,7.757739305496216,-2.6772098541259766,0.02599557489156723,0.08760541677474976,48.0,7.0,2.0,ascat
B22I,2026-03-24,-68.6585,-177.3889,14.0,8.867069244384766,-4.282466888427734,0.024597701616585255,0.06570787588134408,48.0,7.0,2.0,ascat
B22I,2026-03-26,-68.5403,-177.4528,14.0,12.229635238647461,-1.0568866729736328,0.009393997141160071,0.07385370507836342,48.0,7.0,2.0,ascat
B22I,2026-03-28,-68.4872,-177.41244999999998,14.0,6.568578720092773,-3.669889450073242,0.02354709943756461,0.027600431465543807,48.0,7.0,2.0,ascat
B22I,2026-03-30,-68.40025,-177.29485,14.0,1.048614501953125,-0.9935779571533203,-0.014959182706661522,0.027567872661165893,48.0,7.0,2.0,ascat
B22I,2026-04-01,-68.31245,-177.56945000000002,14.0,-3.5696887969970703,8.369758605957031,-0.07071159919723868,0.04176506074145436,48.0,7.0,2.0,ascat
B22I,2026-04-03,-68.34295,-177.8682,14.0,4.2908935546875,12.725814819335938,-0.040176048409193754,0.04531437810510397,48.0,7.0,2.0,ascat
B22I,2026-04-07,-68.3888,-177.9931,14.0,-1.4258737564086914,3.2221546173095703,-0.008466379484161735,0.026943015167489648,96.0,7.0,2.0,ascat
B22I,2026-04-09,-68.3887,-177.7121,14.0,3.5221424102783203,0.7152347564697266,0.03473249843227677,0.04167425539344549,48.0,7.0,2.0,ascat
B22I,2026-04-11,-68.3192,-177.8648,14.0,1.4201583862304688,-0.4919319152832031,0.04184569790959358,0.009674960689153522,48.0,7.0,2.0,ascat
B22I,2026-04-15,-68.1988,-178.0168,14.0,6.39608097076416,0.5696916580200195,0.02571075978630688,0.05534363759215921,96.0,7.0,2.0,ascat
B22I,2026-04-17,-68.24905000000001,-177.93970000000002,14.0,-4.651021957397461,4.692970275878906,-0.051528600975871086,0.025318548548966646,48.0,7.0,2.0,ascat
B22I,2026-04-19,-68.2354,-178.1203,14.0,-0.9857387542724609,4.8634033203125,-0.0333039618562907,0.013059672899544239,48.0,7.0,2.0,ascat
B22I,2026-04-21,-68.27855,-178.48860000000002,14.0,1.1376895904541016,2.372488021850586,-0.021830633166246116,0.03214959194883704,48.0,7.0,2.0,ascat
B29,2026-01-01,-73.6812,-110.7184,40.0,-8.913589477539062,-1.7359619140625,0.01711072213947773,-0.10561013966798782,,8.0,5.0,ascat
B29,2026-01-03,-73.6812,-110.7184,40.0,-4.65498161315918,-1.6693534851074219,0.0014684944180771708,-0.08768904255703092,48.0,8.0,5.0,ascat
B29,2026-01-05,-73.6812,-110.7184,40.0,3.1731510162353516,0.24001502990722656,0.010739507735706866,0.00014217616990208626,48.0,8.0,5.0,ascat
B29,2026-01-07,-73.6812,-110.7184,40.0,-3.7540855407714844,-0.6059398651123047,-0.04649342817720026,-0.07195735443383455,48.0,8.0,5.0,ascat
B29,2026-01-09,-73.6812,-110.7184,40.0,-2.0898704528808594,0.7359447479248047,0.015104713849723339,-0.046476409770548344,48.0,8.0,5.0,ascat
B29,2026-01-11,-73.6812,-110.7184,40.0,0.8984966278076172,1.8917732238769531,0.058721751905977726,-0.03555064485408366,48.0,8.0,5.0,ascat
B29,2026-01-13,-73.6812,-110.7184,40.0,6.093227386474609,1.2244586944580078,0.08587562292814255,0.007714795297943056,48.0,8.0,5.0,ascat
B29,2026-01-15,-73.6719,-110.7503,40.0,-0.5984687805175781,-3.599803924560547,0.0847958642989397,-0.05870480777230114,48.0,8.0,5.0,ascat
B29,2026-01-17,-73.6719,-110.7503,40.0,-8.34965705871582,-2.984161376953125,0.09345574211329222,-0.12131611630320549,48.0,8.0,5.0,ascat
B29,2026-01-19,-73.6719,-110.7503,40.0,-7.734857559204102,-0.9239826202392578,0.01649985322728753,-0.14284081384539604,48.0,8.0,5.0,ascat
B29,2026-01-21,-73.6719,-110.7503,40.0,-4.193576812744141,3.3648834228515625,-0.003477678168565035,-0.12327249348163605,48.0,8.0,5.0,ascat
B29,2026-01-23,-73.6719,-110.7503,40.0,-5.8310699462890625,4.74188232421875,-0.03847444802522659,-0.08945936523377895,48.0,8.0,5.0,ascat
B29,2026-01-25,-73.6719,-110.7503,40.0,-5.376873016357422,8.493885040283203,-0.09112817607820034,-0.015389393549412489,48.0,8.0,5.0,ascat
B29,2026-01-27,-73.6719,-110.7503,40.0,-5.053821563720703,4.77964973449707,-0.11509697511792183,-0.026102980598807335,48.0,8.0,5.0,ascat
B29,2026-01-29,-73.6719,-110.7503,40.0,-5.775815963745117,9.304492950439453,-0.16047024726867676,-0.035018534748815,48.0,8.0,5.0,ascat
B29,2026-01-31,-73.6719,-110.7503,40.0,-1.6983280181884766,8.372682571411133,-0.09792935848236084,0.004337247577495873,48.0,8.0,5.0,ascat
B29,2026-02-02,-73.6719,-110.7503,40.0,-1.3447799682617188,1.0964794158935547,-0.02573238080367446,-0.08913141442462802,48.0,8.0,5.0,ascat
B29,2026-02-04,-73.6719,-110.7503,40.0,1.125467300415039,-1.5045204162597656,0.009279624675400555,-0.07755793770775199,48.0,8.0,5.0,ascat
B29,2026-02-06,-73.6719,-110.7503,40.0,-0.32671356201171875,0.3150310516357422,-0.049825810245238245,-0.09895602939650416,48.0,8.0,5.0,ascat
B29,2026-02-08,-73.6719,-110.7503,40.0,-10.80682373046875,4.125711441040039,-0.039972455240786076,-0.1028020204976201,48.0,8.0,5.0,ascat
B29,2026-02-10,-73.6719,-110.7503,40.0,-5.456668853759766,0.3569622039794922,-2.3801345378160477e-05,-0.10886191669851542,48.0,8.0,5.0,ascat
B29,2026-02-12,-73.6719,-110.7503,40.0,-0.38208961486816406,-4.810724258422852,0.07048780703917146,-0.15606046840548515,48.0,8.0,5.0,ascat
B29,2026-02-14,-73.6719,-110.7503,40.0,2.4176807403564453,-1.560455322265625,0.052814789582043886,-0.14029166847467422,48.0,8.0,5.0,ascat
B29,2026-02-16,-73.6719,-110.7503,40.0,-0.2637367248535156,2.4753761291503906,0.0071570430882275105,-0.16129202395677567,48.0,8.0,5.0,ascat
B29,2026-02-18,-73.6719,-110.7503,40.0,-3.3004417419433594,2.6126575469970703,-0.05977370962500572,-0.08641339745372534,48.0,8.0,5.0,ascat
B29,2026-02-20,-73.6719,-110.7503,40.0,-8.29397964477539,4.2226409912109375,-0.09416802227497101,-0.165435541421175,48.0,8.0,5.0,ascat
B29,2026-02-22,-73.6719,-110.7503,40.0,-8.101211547851562,6.794315338134766,-0.05860031768679619,-0.15699485689401627,48.0,8.0,5.0,ascat
B29,2026-02-24,-73.6719,-110.7503,40.0,-5.973764419555664,2.9460601806640625,-0.023190227337181568,-0.2022845633327961,48.0,8.0,5.0,ascat
B29,2026-02-26,-73.6719,-110.7503,40.0,-7.278778076171875,3.1297454833984375,-0.05467909714207053,-0.20261219143867493,48.0,8.0,5.0,ascat
B29,2026-02-28,-73.6719,-110.7503,40.0,-4.93244743347168,7.134857177734375,-0.012690924108028412,-0.1780935563147068,48.0,8.0,5.0,ascat
B29,2026-03-02,-73.6719,-110.7503,40.0,-4.756961822509766,4.377986907958984,0.026262788800522685,-0.21321186050772667,48.0,8.0,5.0,ascat
B29,2026-03-04,-73.6719,-110.7503,40.0,-4.381858825683594,2.6415576934814453,0.007436907384544611,-0.2886453606188297,48.0,8.0,5.0,ascat
B29,2026-03-06,-73.6719,-110.7503,40.0,-6.751302719116211,-0.7361774444580078,-0.05196970049291849,-0.3275805860757828,48.0,8.0,5.0,ascat
B29,2026-03-08,-73.6719,-110.7503,40.0,-8.635522842407227,-3.7835540771484375,-0.08330068178474903,-0.38044989109039307,48.0,8.0,5.0,ascat
B29,2026-03-10,-73.6719,-110.7503,40.0,-7.747737884521484,-7.069252014160156,-0.0969505961984396,-0.2934674397110939,48.0,8.0,5.0,ascat
B29,2026-03-12,-73.6719,-110.7503,40.0,-5.424617767333984,-0.41840553283691406,-0.09326311480253935,-0.22170064225792885,48.0,8.0,5.0,ascat
B29,2026-03-14,-73.6719,-110.7503,40.0,-3.465188980102539,1.7659549713134766,-0.014921353664249182,-0.19079108908772469,48.0,8.0,5.0,ascat
B29,2026-03-16,-73.6719,-110.7503,40.0,-0.05985260009765625,-2.170909881591797,0.029839484253898263,-0.2150140218436718,48.0,8.0,5.0,ascat
B29,2026-03-18,-73.6719,-110.7503,40.0,-2.2247390747070312,-4.067789077758789,0.023090040078386664,-0.23568912968039513,48.0,8.0,5.0,ascat
B29,2026-03-20,-73.6719,-110.7503,40.0,2.619729995727539,-1.4205303192138672,-0.03267801273614168,-0.15128831937909126,48.0,8.0,5.0,ascat
B29,2026-03-22,-73.6719,-110.7503,40.0,0.3811523914337158,0.24783897399902344,-0.07307301554828882,-0.15565385669469833,48.0,8.0,5.0,ascat
B29,2026-03-24,-73.6719,-110.7503,40.0,-3.7095909118652344,5.732547760009766,-0.03950575599446893,-0.1177567970007658,48.0,8.0,5.0,ascat
B29,2026-03-26,-73.65695,-110.7025,40.0,-2.346170425415039,3.742185592651367,-0.007752415258437395,-0.13874691631644964,48.0,8.0,5.0,ascat
B29,2026-03-28,-73.6654,-110.6862,40.0,-4.007349014282227,5.789461135864258,-0.07659242302179337,-0.08926635421812534,48.0,8.0,5.0,ascat
B29,2026-03-30,-73.6654,-110.6862,40.0,-1.180633544921875,1.2067394256591797,-0.05526765715330839,-0.06314735393971205,48.0,8.0,5.0,ascat
B29,2026-04-01,-73.6654,-110.6862,40.0,-2.3823108673095703,5.035530090332031,-0.08224496152251959,-0.0487239770591259,48.0,8.0,5.0,ascat
B29,2026-04-03,-73.6654,-110.6862,40.0,-6.19189453125,6.6440277099609375,-0.11258175037801266,-0.05256911367177963,48.0,8.0,5.0,ascat
B29,2026-04-05,-73.6654,-110.6862,40.0,-7.581975936889648,8.482038497924805,-0.12077698670327663,-0.027570493519306183,48.0,8.0,5.0,ascat
B29,2026-04-07,-73.6654,-110.6862,40.0,-6.847930908203125,8.946939468383789,-0.09354600869119167,-0.026568881701678038,48.0,8.0,5.0,ascat
B29,2026-04-09,-73.6654,-110.6862,40.0,0.1393299102783203,1.7499027252197266,0.0013536704936996102,-0.045958464965224266,48.0,8.0,5.0,ascat
B29,2026-04-11,-73.6654,-110.6862,40.0,0.45153045654296875,0.026622772216796875,-0.02178072981769219,-0.07441990450024605,48.0,8.0,5.0,ascat
B29,2026-04-13,-73.6654,-110.6862,40.0,-4.636146545410156,5.759334564208984,-0.153397586196661,-0.005704169860109687,48.0,8.0,5.0,ascat
B29,2026-04-15,-73.6654,-110.6862,40.0,-6.931787490844727,8.291545867919922,-0.19703752920031548,0.03719225153326988,48.0,8.0,5.0,ascat
B29,2026-04-17,-73.6654,-110.6862,40.0,-7.632711410522461,7.670753479003906,-0.1426936388015747,-0.06802069488912821,48.0,8.0,5.0,ascat
B29,2026-04-19,-73.6654,-110.6862,40.0,-4.249898910522461,8.33251953125,-0.09589894488453865,-0.019178347196429968,48.0,8.0,5.0,ascat
B29,2026-04-21,-73.6654,-110.6862,40.0,-3.1397762298583984,3.749685287475586,-0.10258346237242222,-0.033384500071406364,48.0,8.0,5.0,ascat
C15,2026-01-01,-65.85,143.02,140.0,0.2846527099609375,-3.4820556640625,0.006144053302705288,0.00040375394746661186,,14.0,10.0,nic
C15,2026-01-15,-65.85,143.02,140.0,-1.1942488352457683,0.4153283437093099,-0.007601276350518067,-0.028787867166101933,144.0,14.0,10.0,nic
C15,2026-01-29,-65.86,143.01,140.0,-2.4545389811197915,1.2044270833333333,-0.007250179206797232,-0.021292022429406643,144.0,14.0,10.0,nic
C15,2026-02-12,-65.86,143.01,140.0,-2.564907709757487,2.6948426564534507,-0.06098000982698674,-0.017624771532913048,144.0,14.0,10.0,nic
C15,2026-02-18,-65.86,143.01,140.0,1.9918206532796223,-1.157920201619466,0.06009873856479923,-0.03850205708295107,144.0,14.0,10.0,nic
C15,2026-03-12,-65.86,143.01,140.0,-2.1545836130777993,-0.2785847981770833,-0.050315444668134056,-0.01689161315637951,144.0,14.0,10.0,nic
C15,2026-03-26,-65.86,143.01,140.0,-0.9266951084136963,0.6521027882893881,-0.048491698515135795,0.013053039748532077,144.0,14.0,10.0,nic
C15,2026-04-09,-65.86,143.01,140.0,-8.265010197957357,5.996194203694661,-0.19721480458974838,-0.0006777865540546676,144.0,14.0,10.0,nic
C15,2026-04-19,-65.8703,143.1445,140.0,-3.814229965209961,2.684326171875,-0.12025180086493492,-0.0007669010665267706,48.0,14.0,10.0,ascat
C15,2026-04-21,-65.8703,143.1445,140.0,-7.121953964233398,3.154836654663086,-0.07347465306520462,0.008519694674760103,48.0,14.0,10.0,ascat
C18B,2026-01-01,-65.65,54.36,40.0,4.5073089599609375,-1.0914306640625,0.009032392874360085,0.06215158849954605,,10.0,4.0,nic
C18B,2026-01-15,-65.61,54.55,40.0,2.8245906829833984,2.00041135152181,-0.08188530957947175,0.07318641734309494,144.0,10.0,4.0,nic
C18B,2026-01-29,-65.65,53.64,40.0,-10.046742757161459,3.0604248046875,-0.2523866916696231,-0.0084832040204977,144.0,10.0,4.0,nic
C18B,2026-02-12,-65.51,52.96,40.0,-4.635708491007487,2.5577170054117837,-0.30146320816129446,-0.008624802653988203,144.0,10.0,4.0,nic
C18B,2026-02-18,-65.54,51.88,40.0,-7.478963851928711,-1.0629088083902996,-0.2806384094680349,0.051465500611811876,144.0,10.0,4.0,nic
C18B,2026-03-12,-66.38,48.31,40.0,-0.8689390818277994,0.5497029622395834,-0.13826218014582992,0.00684103289192232,144.0,10.0,4.0,nic
C18B,2026-03-26,-67.03,47.65,40.0,-3.8711531162261963,0.1357860565185547,-0.0646486949796478,-0.2254100499364237,144.0,10.0,4.0,nic
C18B,2026-04-09,-66.98,47.44,40.0,-7.263830184936523,1.9334093729654949,-0.11148611269891262,0.009028120655178403,144.0,10.0,4.0,nic
C18B,2026-04-19,-66.97765000000001,47.385149999999996,40.0,-5.188741683959961,2.8153076171875,-0.11446738988161087,0.06826149486005306,48.0,10.0,4.0,ascat
C18B,2026-04-21,-66.971,47.3666,40.0,-5.992559432983398,2.301198959350586,-0.14964919164776802,0.0014747024542884901,48.0,10.0,4.0,ascat
C18C,2026-01-01,-65.7408,56.0615,20.0,4.3500823974609375,-2.4176025390625,-0.05129966139793396,0.10011650621891022,,10.0,2.0,ascat
C18C,2026-01-05,-65.7322,55.950599999999994,20.0,1.0696544647216797,1.8911104202270508,-0.09809446195140481,0.0654485453851521,96.0,10.0,2.0,ascat
C18C,2026-01-09,-65.57,55.97,20.0,-8.731765747070312,3.616541862487793,-0.24174917209893465,0.03972491772583453,96.0,10.0,2.0,nic
C18C,2026-01-15,-65.26,54.0,20.0,2.903122584025065,2.335819880167643,-0.10655989544466138,0.11966518984991126,144.0,10.0,2.0,nic
C18C,2026-01-29,-64.96,53.55,20.0,-8.050689697265625,0.7041422526041666,-0.03694911545608193,-0.022521685459651053,144.0,10.0,2.0,nic
C18C,2026-02-08,-64.8683,53.937,20.0,-1.19366455078125,-1.359640121459961,0.0421875212341547,0.05623883754014969,48.0,10.0,2.0,ascat
C18C,2026-02-10,-65.0774,53.46105,20.0,-6.253787994384766,6.168485641479492,-0.08410955173894763,0.013872086419723928,48.0,10.0,2.0,ascat
C18C,2026-02-12,-65.1042,53.3608,20.0,-5.550302505493164,6.186101913452148,-0.03307116939686239,0.019993346533738077,48.0,10.0,2.0,ascat
C18C,2026-02-14,-65.14959999999999,53.34985,20.0,-8.202436447143555,-1.104034423828125,0.013867695786757395,0.019259800435975194,48.0,10.0,2.0,ascat
C18C,2026-02-18,-65.2256,53.21,20.0,-5.440131187438965,-0.13139629364013672,-0.03176343743689358,0.019180740229785442,96.0,10.0,2.0,ascat
C18C,2026-02-20,-65.28045,53.16405,20.0,-3.7834815979003906,3.2429046630859375,-0.13009734638035297,-0.04124751780182123,48.0,10.0,2.0,ascat
C18C,2026-02-22,-65.34455,53.07025,20.0,-11.625503540039062,3.0272254943847656,-0.1805554088205099,-0.12087271362543106,48.0,10.0,2.0,ascat
C18C,2026-02-24,-65.4282,52.7266,20.0,-12.170419692993164,5.9284820556640625,-0.16794633865356445,-0.05886548012495041,48.0,10.0,2.0,ascat
C18C,2026-02-26,-65.4399,52.6457,20.0,6.623687744140625,3.4722747802734375,-0.17457997798919678,0.07492160052061081,48.0,10.0,2.0,ascat
C18C,2026-02-28,-65.49905,52.335899999999995,20.0,-5.61628532409668,1.258636474609375,-0.27278056740760803,0.03525301208719611,48.0,10.0,2.0,ascat
C18C,2026-03-02,-65.64065,51.83425,20.0,-10.313602447509766,2.4246177673339844,-0.21105393930338323,0.04999510548077524,48.0,10.0,2.0,ascat
C18C,2026-03-04,-65.77485,51.692499999999995,20.0,3.2391128540039062,-0.04655265808105469,-0.1706112790852785,0.2791186757385731,48.0,10.0,2.0,ascat
C18C,2026-03-06,-65.7148,51.8413,20.0,-0.16597557067871094,-1.6556110382080078,-0.07900270819664001,0.31276596896350384,48.0,10.0,2.0,ascat
C18C,2026-03-10,-65.91245,51.4462,20.0,-7.097423553466797,0.896702766418457,-0.3104112185537815,-0.16018562018871307,96.0,10.0,2.0,ascat
C18C,2026-03-12,-65.9586,51.3698,20.0,0.5846595764160156,1.495534896850586,-0.15378994308412075,-0.180168516933918,48.0,10.0,2.0,ascat
C18C,2026-03-14,-65.94454999999999,51.2634,20.0,-8.602273941040039,-1.5149288177490234,-0.2685828749090433,-0.2922850362956524,48.0,10.0,2.0,ascat
C18C,2026-03-16,-65.9147,50.6712,20.0,-9.096351623535156,-4.463878631591797,-0.12357983365654945,-0.1496402365155518,48.0,10.0,2.0,ascat
C18C,2026-03-18,-66.0833,50.0632,20.0,-10.233161926269531,-5.686441421508789,-0.16447577066719532,-0.22737634647637606,48.0,10.0,2.0,ascat
C18C,2026-03-20,-66.04,50.08,20.0,-13.164693832397461,-7.633787155151367,-0.1568748652935028,-0.23210358060896397,48.0,10.0,2.0,nic
C18C,2026-03-26,-66.4906,48.2136,20.0,-4.534401814142863,-1.2063363393147786,-0.2694655367716526,-0.02830007627684002,144.0,10.0,2.0,ascat
C18C,2026-03-28,-66.72315,47.603,20.0,-6.463891983032227,-5.604703903198242,-0.282279871404171,-0.03109049297927413,48.0,10.0,2.0,ascat
C18C,2026-04-03,-66.66,46.86,20.0,1.2658729553222656,1.0535036722819011,-0.28934681105117005,0.00812240429998686,144.0,10.0,2.0,nic
C18C,2026-04-09,-67.16,44.61,20.0,-7.78315798441569,0.9658800760904948,-0.19362519033408412,-0.18214855177211575,144.0,10.0,2.0,nic
C18C,2026-04-15,-67.7538,41.6813,20.0,-2.611504872639974,1.1683241526285808,-0.1552215878618881,-0.055091292752573885,144.0,10.0,2.0,ascat
C18C,2026-04-17,-68.08215,40.12055,20.0,-11.443990707397461,-2.1218490600585938,-0.16795669752173126,-0.20196241466328502,48.0,10.0,2.0,ascat
C18C,2026-04-19,-68.4032,39.463350000000005,20.0,-8.139791488647461,-1.955078125,-0.212937300093472,-0.1429066644050181,48.0,10.0,2.0,ascat
C18C,2026-04-21,-68.4918,39.1008,20.0,-10.830694198608398,-6.063669204711914,-0.08201701147481799,-0.24363630451261997,48.0,10.0,2.0,ascat
C21B,2026-01-01,-64.98,95.84,96.0,1.0405120849609375,3.9398193359375,-0.04148711636662483,-0.0004517319903243333,,12.0,8.0,nic
C21B,2026-01-15,-64.98,95.84,96.0,-4.534784317016602,-0.6215368906656901,-0.09979009294571976,-0.05840410726765791,144.0,12.0,8.0,nic
C21B,2026-01-29,-64.98,95.84,96.0,1.2219340006510417,1.6442057291666667,-0.01811406823496024,0.0013058979529887438,144.0,12.0,8.0,nic
C21B,2026-02-12,-64.98,95.84,96.0,-4.31413459777832,0.5184510548909506,-0.18525644515951475,-0.10391541473412265,144.0,12.0,8.0,nic
C21B,2026-02-14,-64.9721,95.8232,96.0,-2.7010936737060547,1.071624755859375,-0.07822922430932522,-0.0604887951631099,48.0,12.0,8.0,ascat
C21B,2026-02-18,-64.98,95.84,96.0,0.5845880508422852,2.3239870071411133,-0.01753658508823719,-0.007558152195997536,96.0,12.0,8.0,nic
C21B,2026-02-24,-64.9721,95.8232,96.0,2.647596995035807,2.199093500773112,0.06225864550409218,0.025248483133812744,144.0,12.0,8.0,ascat
C21B,2026-02-26,-64.98,95.84,96.0,-1.820648193359375,0.5711517333984375,-0.07657272927463055,-0.04837107518687844,48.0,12.0,8.0,nic
C21B,2026-03-02,-64.9721,95.8232,96.0,-4.628540992736816,4.773499488830566,-0.07600659504532814,-0.019906366476789117,96.0,12.0,8.0,ascat
C21B,2026-03-06,-64.98,95.84,96.0,0.3101491928100586,2.866337776184082,-0.028597035445272923,0.02271208295132965,96.0,12.0,8.0,nic
C21B,2026-03-08,-64.9721,95.8232,96.0,-0.42543983459472656,2.8551177978515625,-0.03788244817405939,-0.0053789252415299416,48.0,12.0,8.0,ascat
C21B,2026-03-12,-64.98,95.84,96.0,-1.0007810592651367,-0.3022603988647461,-0.0744170704856515,-0.041682209353893995,96.0,12.0,8.0,nic
C21B,2026-03-14,-64.9819,95.8902,96.0,-3.855447769165039,1.6888065338134766,-0.12891877815127373,-0.0477555925026536,48.0,12.0,8.0,ascat
C21B,2026-03-20,-64.98095,95.8651,96.0,-2.1241143544514975,3.4818286895751953,-0.0765896262601018,-0.027710199123248458,144.0,12.0,8.0,nic
C21B,2026-03-26,-64.98,95.84,96.0,-1.542336384455363,2.132205327351888,-0.04492264403961599,-0.0201179262852141,144.0,12.0,8.0,nic
C21B,2026-03-28,-64.9819,95.8902,96.0,1.7958736419677734,4.273225784301758,0.002263285219669342,0.0032886107510421425,48.0,12.0,8.0,ascat
C21B,2026-04-03,-64.98,95.84,96.0,-4.625158945719401,3.6157188415527344,-0.16057213892539343,-0.048240244194554784,144.0,12.0,8.0,nic
C21B,2026-04-09,-64.98095,95.8651,96.0,-4.54731814066569,3.498065948486328,-0.15192430404325327,-0.07048901605109374,144.0,12.0,8.0,ascat
C21B,2026-04-19,-64.9819,95.8902,96.0,-3.673727035522461,1.4197998046875,-0.029756008822005242,-0.018858847848605365,48.0,12.0,8.0,ascat
C21B,2026-04-21,-64.9819,95.8902,96.0,0.7879581451416016,2.589406967163086,-0.0023675208794884384,0.004917404148727655,48.0,12.0,8.0,ascat
C24,2026-01-01,-64.84,96.02,33.0,1.0405120849609375,3.9398193359375,-0.13499481976032257,-0.011891025118529797,,11.0,3.0,ascat
C24,2026-01-03,-64.84,96.02,33.0,-3.1060314178466797,2.709064483642578,-0.10440344177186489,-0.08639568160288036,48.0,11.0,3.0,ascat
C24,2026-01-05,-64.84,96.02,33.0,-6.445013046264648,-0.14536094665527344,-0.07594870403409004,-0.09786302968859673,48.0,11.0,3.0,ascat
C24,2026-01-07,-64.84,96.02,33.0,-0.16497421264648438,0.4709644317626953,-0.026696461136452854,0.01862670760601759,48.0,11.0,3.0,ascat
C24,2026-01-09,-64.84,96.02,33.0,-2.9972190856933594,-1.1419849395751953,-0.07060551329050213,-0.13004357367753983,48.0,11.0,3.0,nic
C24,2026-01-13,-64.84,96.02,33.0,-6.156591415405273,-0.5243778228759766,-0.16337012127041817,-0.044302043301286176,96.0,11.0,3.0,ascat
C24,2026-01-15,-64.84,96.02,33.0,-3.025226593017578,-1.0750236511230469,-0.08464034460484982,-0.03356847126269713,48.0,11.0,3.0,ascat
C24,2026-01-17,-64.84,96.02,33.0,-3.9454822540283203,0.007781982421875,-0.09787328913807869,-0.06709919311106205,48.0,11.0,3.0,ascat
C24,2026-01-19,-64.84,96.02,33.0,-4.041376113891602,3.732023239135742,-0.15561847761273384,-0.056455738842487335,48.0,11.0,3.0,ascat
C24,2026-01-21,-64.84,96.02,33.0,-4.704196929931641,0.6472320556640625,-0.13272188417613506,-0.08770101144909859,48.0,11.0,3.0,ascat
C24,2026-01-23,-64.84,96.02,33.0,-6.1261138916015625,4.91326904296875,-0.24825358018279076,-0.014171818271279335,48.0,11.0,3.0,ascat
C24,2026-01-25,-64.84,96.02,33.0,3.708698272705078,2.052722930908203,-0.08632736094295979,0.053186895325779915,48.0,11.0,3.0,ascat
C24,2026-01-27,-64.84,96.02,33.0,-2.013172149658203,0.11290168762207031,-0.1305315401405096,-0.05103902658447623,48.0,11.0,3.0,ascat
C24,2026-01-29,-64.84,96.02,33.0,2.808778762817383,2.439258575439453,-0.11952969431877136,0.04251971282064915,48.0,11.0,3.0,ascat
C24,2026-02-02,-64.84,96.02,33.0,0.41611385345458984,0.34781360626220703,-0.11809428408741951,-0.027895722771063447,96.0,11.0,3.0,ascat
C24,2026-02-04,-64.84,96.02,33.0,-1.953145980834961,-0.10376358032226562,-0.12601269222795963,-0.050054244231432676,48.0,11.0,3.0,ascat
C24,2026-02-06,-64.84,96.02,33.0,-1.0242233276367188,-1.2849445343017578,-0.09157754853367805,-0.05872355925384909,48.0,11.0,3.0,ascat
C24,2026-02-08,-64.84,96.02,33.0,-4.64349365234375,0.8965854644775391,-0.15188570506870747,-0.1145912726642564,48.0,11.0,3.0,ascat
C24,2026-02-10,-64.84,96.02,33.0,-1.2567176818847656,3.115507125854492,-0.1549637857824564,-0.07162512466311455,48.0,11.0,3.0,ascat
C24,2026-02-12,-64.84,96.02,33.0,-6.653451919555664,-2.2285709381103516,-0.21731151081621647,-0.13526142784394324,48.0,11.0,3.0,ascat
C24,2026-02-16,-64.84,96.02,33.0,0.3614311218261719,1.8006420135498047,-0.16173267364501953,-0.02665707396226935,96.0,11.0,3.0,ascat
C24,2026-02-18,-64.84,96.02,33.0,-0.7990989685058594,2.4371204376220703,-0.133004080504179,-0.0881453026086092,48.0,11.0,3.0,ascat
C24,2026-02-20,-64.84,96.02,33.0,0.8207664489746094,2.3021087646484375,-0.0600679749622941,0.004700861405581236,48.0,11.0,3.0,ascat
C24,2026-02-22,-64.84,96.02,33.0,-0.3499908447265625,3.4025917053222656,-0.10553074441850185,-0.05575121715082787,48.0,11.0,3.0,ascat
C24,2026-02-24,-64.84,96.02,33.0,5.061513900756836,1.5970611572265625,0.028354855254292488,-0.0021110913658048958,48.0,11.0,3.0,ascat
C24,2026-02-26,-64.84,96.02,33.0,-1.820648193359375,0.5711517333984375,-0.04763289913535118,-0.11316187027841806,48.0,11.0,3.0,ascat
C24,2026-02-28,-64.84,96.02,33.0,-6.03742790222168,3.854339599609375,-0.12560278177261353,-0.11421998031437397,48.0,11.0,3.0,ascat
C24,2026-03-02,-64.84,96.02,33.0,-3.4617958068847656,5.844539642333984,-0.11895431019365788,-0.0296913132769987,48.0,11.0,3.0,ascat
C24,2026-03-04,-64.84,96.02,33.0,-2.0412826538085938,3.4932422637939453,-0.14964340813457966,0.031913409009575844,48.0,11.0,3.0,ascat
C24,2026-03-06,-64.84,96.02,33.0,2.038370132446289,2.869657516479492,-0.1941915713250637,-0.02792221959680319,48.0,11.0,3.0,ascat
C24,2026-03-08,-64.84,96.02,33.0,-0.42543983459472656,2.8551177978515625,-0.26630980893969536,-0.08422074653208256,48.0,11.0,3.0,ascat
C24,2026-03-10,-64.84,96.02,33.0,-0.23247909545898438,2.0299911499023438,-0.21022141724824905,-0.025179490447044373,48.0,11.0,3.0,ascat
C24,2026-03-12,-64.84,96.02,33.0,-3.9718589782714844,-2.423898696899414,-0.307564415037632,0.014759000856429338,48.0,11.0,3.0,ascat
C24,2026-03-14,-64.84,96.02,33.0,-3.855447769165039,1.6888065338134766,-0.4017920717597008,-0.001060726586729288,48.0,11.0,3.0,ascat
C24,2026-03-16,-64.84,96.02,33.0,-4.100257873535156,2.607776641845703,-0.39641425013542175,-0.04099671822041273,48.0,11.0,3.0,ascat
C24,2026-03-18,-64.84,96.02,33.0,-1.3746414184570312,3.070150375366211,-0.3131270930171013,-0.047939867712557316,48.0,11.0,3.0,ascat
C24,2026-03-20,-64.84,96.02,33.0,-1.140401840209961,3.984376907348633,-0.2817015014588833,-0.029793859808705747,48.0,11.0,3.0,ascat
C24,2026-03-22,-64.84,96.02,33.0,-0.4766356945037842,-0.6963748931884766,-0.1368754804134369,-0.03134549979586154,48.0,11.0,3.0,ascat
C24,2026-03-24,-64.84,96.02,33.0,-0.2611045837402344,0.9818153381347656,-0.1995985358953476,-0.03566982480697334,48.0,11.0,3.0,ascat
C24,2026-03-26,-64.84,96.02,33.0,-5.445413589477539,4.705442428588867,-0.23667225241661072,-0.06850374070927501,48.0,11.0,3.0,ascat
C24,2026-03-28,-64.84,96.02,33.0,1.7958736419677734,4.273225784301758,-0.13868485018610954,0.014010482002049685,48.0,11.0,3.0,ascat
C24,2026-03-30,-64.84,96.02,33.0,-5.543792724609375,1.7876720428466797,-0.18938769027590752,-0.01842231024056673,48.0,11.0,3.0,ascat
C24,2026-04-01,-64.84,96.02,33.0,-3.6744251251220703,6.152351379394531,-0.2078455165028572,-0.009764690417796373,48.0,11.0,3.0,ascat
C24,2026-04-03,-64.84,96.02,33.0,-4.90966796875,3.7875823974609375,-0.2953484505414963,-0.07915231585502625,48.0,11.0,3.0,ascat
C24,2026-04-05,-64.84,96.02,33.0,-10.055852890014648,5.680402755737305,-0.35779528319835663,-0.10700828861445189,48.0,11.0,3.0,ascat
C24,2026-04-07,-64.84,96.02,33.0,-2.976593017578125,3.911905288696289,-0.319307878613472,-0.005223296582698822,48.0,11.0,3.0,ascat
C24,2026-04-09,-64.84,96.02,33.0,0.6129627227783203,1.4570560455322266,-0.33343981206417084,-0.07309680245816708,48.0,11.0,3.0,ascat
C24,2026-04-11,-64.84,96.02,33.0,-10.646858215332031,-5.287708282470703,-0.37355582416057587,-0.1199211236089468,48.0,11.0,3.0,ascat
C24,2026-04-13,-64.84,96.02,33.0,0.12398529052734375,2.8861656188964844,-0.2809719294309616,0.00933762569911778,48.0,11.0,3.0,ascat
C24,2026-04-15,-64.84,96.02,33.0,3.0606441497802734,-0.16084671020507812,-0.3129589185118675,0.013010494410991669,48.0,11.0,3.0,ascat
C24,2026-04-17,-64.84,96.02,33.0,-13.409444808959961,3.0773696899414062,-0.37473125010728836,-0.0554435420781374,48.0,11.0,3.0,ascat
C24,2026-04-19,-64.84,96.02,33.0,-3.673727035522461,1.4197998046875,-0.2657060772180557,-0.0014581826981157064,48.0,11.0,3.0,ascat
C24,2026-04-21,-64.84,96.02,33.0,0.7879581451416016,2.589406967163086,-0.22899900749325752,0.006159343756735325,48.0,11.0,3.0,ascat
C30,2026-01-01,-64.78,96.28,27.0,0.6801605224609375,3.9281005859375,-0.1051977351307869,-0.007238065358251333,,9.0,3.0,ascat
C30,2026-01-03,-64.78,96.28,27.0,-3.0982189178466797,2.778766632080078,-0.08502273727208376,-0.06959254981484264,48.0,9.0,3.0,ascat
C30,2026-01-05,-64.78,96.28,27.0,-6.090764999389648,-0.014745712280273438,-0.06037375424057245,-0.08298012986779213,48.0,9.0,3.0,ascat
C30,2026-01-07,-64.78,96.28,27.0,-0.009456634521484375,0.5527515411376953,-0.016081567504443228,0.03146304748952389,48.0,9.0,3.0,ascat
C30,2026-01-09,-64.78,96.28,27.0,-2.7199974060058594,-1.1068286895751953,-0.0657247343333438,-0.12986848317086697,48.0,9.0,3.0,nic
C30,2026-01-11,-64.78,96.28,27.0,-9.286073684692383,-0.08906173706054688,-0.1507959570735693,-0.06138872995506972,48.0,9.0,3.0,ascat
C30,2026-01-13,-64.78,96.28,27.0,-0.4415626525878906,-0.2366008758544922,-0.11326990090310574,-0.025916991173289716,48.0,9.0,3.0,ascat
C30,2026-01-15,-64.78,96.28,27.0,-2.941730499267578,-1.1244621276855469,-0.08642660267651081,-0.0161430099979043,48.0,9.0,3.0,ascat
C30,2026-01-17,-64.78,96.28,27.0,-3.9016590118408203,-0.043975830078125,-0.0882638655602932,-0.036687853280454874,48.0,9.0,3.0,ascat
C30,2026-01-19,-64.78,96.28,27.0,-4.290643692016602,3.693815231323242,-0.1546592963859439,-0.030434076208621264,48.0,9.0,3.0,ascat
C30,2026-01-21,-64.78,96.28,27.0,-4.757419586181641,0.5273590087890625,-0.10232099238783121,-0.07707541156560183,48.0,9.0,3.0,ascat
C30,2026-01-23,-64.78,96.28,27.0,-6.5102691650390625,4.69061279296875,-0.16852458007633686,-0.011962193995714188,48.0,9.0,3.0,ascat
C30,2026-01-25,-64.78,96.28,27.0,3.449420928955078,2.174182891845703,-0.05704800225794315,0.04115556459873915,48.0,9.0,3.0,ascat
C30,2026-01-27,-64.78,96.28,27.0,-1.8661994934082031,0.3827991485595703,-0.07640402391552925,-0.03236990002915263,48.0,9.0,3.0,ascat
C30,2026-01-29,-64.78,96.28,27.0,2.567079544067383,2.514331817626953,-0.06488227541558444,0.0363817447796464,48.0,9.0,3.0,ascat
C30,2026-01-31,-64.78,96.28,27.0,1.2833614349365234,-1.5189189910888672,-0.041490366449579597,-0.014631651807576418,48.0,9.0,3.0,ascat
C30,2026-02-02,-64.78,96.28,27.0,-3.7852096557617188,0.9634227752685547,-0.11014580074697733,-0.09257964231073856,48.0,9.0,3.0,ascat
C30,2026-02-04,-64.78,96.28,27.0,-1.797018051147461,0.13183212280273438,-0.09944130945950747,-0.05300533585250378,48.0,9.0,3.0,ascat
C30,2026-02-06,-64.78,96.28,27.0,-0.9215621948242188,-1.0675373077392578,-0.06658333539962769,-0.03978234063833952,48.0,9.0,3.0,nic
C30,2026-02-08,-64.78,96.28,27.0,-4.44805908203125,1.046487808227539,-0.1360332788899541,-0.0902171554043889,48.0,9.0,3.0,ascat
C30,2026-02-10,-64.78,96.28,27.0,-1.4212684631347656,2.924222946166992,-0.1310699451714754,-0.0781017318367958,48.0,9.0,3.0,ascat
C30,2026-02-12,-64.78,96.28,27.0,-6.806528091430664,-2.0266666412353516,-0.1440750900655985,-0.12267159740440547,48.0,9.0,3.0,ascat
C30,2026-02-14,-64.78,96.28,27.0,-2.5942821502685547,1.073211669921875,-0.15336040034890175,-0.037505657179281116,48.0,9.0,3.0,ascat
C30,2026-02-16,-64.78,96.28,27.0,2.3978843688964844,2.5270118713378906,-0.14766617864370346,-0.032858800143003464,48.0,9.0,3.0,ascat
C30,2026-02-18,-64.78,96.28,27.0,-0.7101097106933594,2.3797473907470703,-0.16636911779642105,-0.06941692996770144,48.0,9.0,3.0,ascat
C30,2026-02-20,-64.78,96.28,27.0,0.6697654724121094,2.3156585693359375,-0.11473535373806953,0.011708168778568506,48.0,9.0,3.0,ascat
C30,2026-02-22,-64.78,96.28,27.0,-0.7782135009765625,3.2214393615722656,-0.14154601842164993,-0.06968765216879547,48.0,9.0,3.0,ascat
C30,2026-02-26,-64.78,96.28,27.0,1.572035789489746,1.5392475128173828,-0.051475175481755286,-0.06587093078996986,96.0,9.0,3.0,nic
C30,2026-03-12,-64.78,96.28,27.0,-1.4361591339111328,0.7445271809895834,-0.2980133680005868,0.029982339746008318,144.0,9.0,3.0,ascat
C30,2026-03-14,-64.78,96.28,27.0,-3.566019058227539,2.1167850494384766,-0.19643553718924522,-0.05324435327202082,48.0,9.0,3.0,ascat
C30,2026-03-16,-64.78,96.28,27.0,-3.8265762329101562,3.106678009033203,-0.1581038199365139,-0.05045434087514877,48.0,9.0,3.0,ascat
C30,2026-03-18,-64.78,96.28,27.0,-1.2211990356445312,3.904745101928711,-0.17191281914710999,-0.053185414988547564,48.0,9.0,3.0,ascat
C30,2026-03-20,-64.78,96.28,27.0,-1.442892074584961,4.593263626098633,-0.2131606824696064,-0.0559790232218802,48.0,9.0,3.0,nic
C30,2026-03-26,-64.78,96.28,27.0,-1.5722029209136963,2.708010991414388,-0.1662390890220801,-0.036004114585618176,144.0,9.0,3.0,nic
C30,2026-04-07,-64.78,96.28,27.0,-7.306550025939941,4.52140998840332,-0.19294762425124645,-0.026550455018877983,96.0,9.0,3.0,ascat
C30,2026-04-09,-64.78,96.28,27.0,0.8070545196533203,1.9031009674072266,-0.2105100378394127,-0.03684629313647747,48.0,9.0,3.0,ascat
C30,2026-04-11,-64.78,96.28,27.0,-11.055183410644531,-5.040515899658203,-0.2148912027478218,-0.10110324714332819,48.0,9.0,3.0,ascat
C30,2026-04-13,-64.78,96.28,27.0,-0.04959869384765625,2.9649009704589844,-0.16351568512618542,0.01798090711236,48.0,9.0,3.0,ascat
C30,2026-04-15,-64.78,96.28,27.0,3.3382320404052734,0.23624801635742188,-0.12752840109169483,-0.015416260808706284,48.0,9.0,3.0,ascat
C30,2026-04-17,-64.78,96.28,27.0,-13.224508285522461,2.8514175415039062,-0.18585959449410439,-0.10869724676012993,48.0,9.0,3.0,ascat
C30,2026-04-19,-64.78,96.28,27.0,-3.825826644897461,1.2088623046875,-0.11301300674676895,-0.05027040373533964,48.0,9.0,3.0,ascat
C30,2026-04-21,-64.78,96.28,27.0,0.5247745513916016,2.833547592163086,-0.12755485624074936,-0.03458980470895767,48.0,9.0,3.0,ascat
C31,2026-01-01,-64.68,96.49,27.0,2.8754730224609375,3.5081787109375,-0.10444053262472153,0.0086644496768713,,9.0,3.0,nic
C31,2026-01-13,-64.7268,96.5023,27.0,-3.1680049896240234,-1.1090335845947266,-0.087398337200284,-0.04073099815286696,96.0,9.0,3.0,ascat
C31,2026-01-15,-64.68,96.49,27.0,-0.5506172180175781,-1.9782218933105469,-0.0524223642423749,-0.0071814117836765945,48.0,9.0,3.0,nic
C31,2026-01-29,-64.7034,96.49615,27.0,1.5006205240885417,1.9391276041666667,-0.06439581994588177,0.006138888672770311,144.0,9.0,3.0,ascat
C31,2026-02-10,-64.7268,96.5023,27.0,0.9182653427124023,0.7578029632568359,-0.13113074749708176,-0.06118680443614721,96.0,9.0,3.0,ascat
C31,2026-02-12,-64.7268,96.5023,27.0,-2.011484146118164,-3.4818668365478516,-0.13734509982168674,-0.11379192536696792,48.0,9.0,3.0,ascat
C31,2026-02-14,-64.7268,96.5023,27.0,0.03560066223144531,0.320159912109375,-0.19009965658187866,-0.04188534803688526,48.0,9.0,3.0,ascat
C31,2026-02-16,-64.7268,96.5023,27.0,3.2169761657714844,2.4814796447753906,-0.17037931829690933,0.014752862392924726,48.0,9.0,3.0,ascat
C31,2026-02-18,-64.7268,96.5023,27.0,-0.5733909606933594,2.3040637969970703,-0.15251703560352325,-0.0011197916464880109,48.0,9.0,3.0,ascat
C31,2026-02-20,-64.7268,96.5023,27.0,1.7367820739746094,2.1738128662109375,-0.10932305827736855,0.09994435403496027,48.0,9.0,3.0,ascat
C31,2026-02-22,-64.7268,96.5023,27.0,0.9283294677734375,3.9224891662597656,-0.13215607032179832,0.056648396886885166,48.0,9.0,3.0,ascat
C31,2026-02-24,-64.7268,96.5023,27.0,4.908071517944336,1.9898834228515625,-0.004283669404685497,0.13863324746489525,48.0,9.0,3.0,ascat
C31,2026-02-26,-64.7268,96.5023,27.0,-2.538421630859375,0.4921722412109375,-0.05242112744599581,0.04662316897884011,48.0,9.0,3.0,ascat
C31,2026-02-28,-64.7268,96.5023,27.0,-4.98371696472168,3.246917724609375,-0.13942348584532738,0.08202520199120045,48.0,9.0,3.0,ascat
C31,2026-03-02,-64.7268,96.5023,27.0,-1.8303260803222656,6.252376556396484,-0.17447582259774208,0.03997409832663834,48.0,9.0,3.0,ascat
C31,2026-03-04,-64.7268,96.5023,27.0,-1.7856674194335938,4.218095779418945,-0.3582477495074272,0.01988671883009374,48.0,9.0,3.0,ascat
C31,2026-03-06,-64.7268,96.5023,27.0,3.178384780883789,3.586454391479492,-0.4805782362818718,0.070293087977916,48.0,9.0,3.0,ascat
C31,2026-03-08,-64.7268,96.5023,27.0,0.49338340759277344,2.9570465087890625,-0.42065131664276123,0.030178322456777096,48.0,9.0,3.0,ascat
C31,2026-03-10,-64.7268,96.5023,27.0,2.7333412170410156,2.0597763061523438,-0.289485827088356,-0.04452876187860966,48.0,9.0,3.0,ascat
C31,2026-03-12,-64.7268,96.5023,27.0,-1.1128501892089844,-2.990671157836914,-0.24449476599693298,-0.14551645889878273,48.0,9.0,3.0,ascat
C31,2026-03-14,-64.7268,96.5023,27.0,-3.334817886352539,1.4259891510009766,-0.2524605318903923,-0.14285670220851898,48.0,9.0,3.0,ascat
C31,2026-03-16,-64.7268,96.5023,27.0,-2.0198135375976562,2.482898712158203,-0.3024847060441971,-0.1094045639038086,48.0,9.0,3.0,ascat
C31,2026-03-18,-64.7268,96.5023,27.0,-0.34925079345703125,3.642416000366211,-0.2876937687397003,-0.060408578836359084,48.0,9.0,3.0,ascat
C31,2026-03-20,-64.7268,96.5023,27.0,-0.23085594177246094,5.537477493286133,-0.26979628950357437,-0.012155834236182272,48.0,9.0,3.0,ascat
C31,2026-03-22,-64.7268,96.5023,27.0,0.16838383674621582,-0.15157508850097656,-0.14681265503168106,0.01307042469852604,48.0,9.0,3.0,ascat
C31,2026-03-24,-64.7268,96.5023,27.0,1.1319618225097656,1.3306922912597656,-0.19868645071983337,-0.0042314831080148,48.0,9.0,3.0,ascat
C31,2026-03-26,-64.7268,96.5023,27.0,-4.095071792602539,4.822019577026367,-0.2005222663283348,-0.05858842784073204,48.0,9.0,3.0,ascat
C31,2026-03-28,-64.7268,96.5023,27.0,3.1303462982177734,4.869905471801758,-0.11439173854887486,-0.010322483605705202,48.0,9.0,3.0,ascat
C31,2026-03-30,-64.7268,96.5023,27.0,-2.663909912109375,1.2478771209716797,-0.15340456180274487,-0.08611228317022324,48.0,9.0,3.0,ascat
C31,2026-04-01,-64.7268,96.5023,27.0,-1.4044055938720703,6.220588684082031,-0.18345893546938896,-0.039242556784301996,48.0,9.0,3.0,ascat
C31,2026-04-03,-64.7268,96.5023,27.0,-5.6353759765625,3.7564544677734375,-0.25437096506357193,-0.09120109211653471,48.0,9.0,3.0,ascat
C31,2026-04-05,-64.7268,96.5023,27.0,-8.751897811889648,5.199689865112305,-0.2343434877693653,-0.0714863808825612,48.0,9.0,3.0,ascat
C31,2026-04-07,-64.7268,96.5023,27.0,-2.987335205078125,3.701944351196289,-0.24661947414278984,-0.02006196673028171,48.0,9.0,3.0,ascat
C31,2026-04-09,-64.7034,96.49615,27.0,1.7440662384033203,1.9236087799072266,-0.28073322772979736,-0.07846788759343326,48.0,9.0,3.0,ascat
C31,2026-04-19,-64.7268,96.5023,27.0,-2.602926254272461,0.8253173828125,-0.12538564577698708,-0.07076248899102211,48.0,9.0,3.0,ascat
C31,2026-04-21,-64.7268,96.5023,27.0,1.2390079498291016,3.142263412475586,-0.10456034913659096,-0.018482338287867606,48.0,9.0,3.0,ascat
C33,2026-01-03,-65.27,101.2782,36.0,-5.836212158203125,0.32611083984375,-0.03672168776392937,-0.006934525445103645,,9.0,4.0,ascat
C33,2026-01-05,-65.3309,101.069,36.0,-4.208440780639648,0.9054203033447266,-0.06779405660927296,-0.01343104022089392,48.0,9.0,4.0,ascat
C33,2026-01-07,-65.3522,101.0963,36.0,1.6083412170410156,1.5467700958251953,0.03135923761874437,0.04291826440021396,48.0,9.0,4.0,ascat
C33,2026-01-09,-65.5464,100.99905,36.0,-0.002223968505859375,0.2355785369873047,0.07777731865644455,0.05839892476797104,48.0,9.0,4.0,ascat
C33,2026-01-11,-65.2739,100.8686,36.0,-11.836488723754883,1.3168220520019531,-0.041900510589281716,0.024856490393479664,48.0,9.0,4.0,ascat
C33,2026-01-13,-65.3431,101.0549,36.0,-1.9553565979003906,0.09591865539550781,-0.058148680720478296,0.005426217219792306,48.0,9.0,4.0,ascat
C33,2026-01-15,-65.3164,101.03444999999999,36.0,-6.217243194580078,-0.6736564636230469,-0.05181888351216912,0.010567026503849775,48.0,9.0,4.0,ascat
C33,2026-01-17,-65.3252,101.0426,36.0,-3.5437488555908203,0.332122802734375,-0.024733960395678878,0.024226001871284097,48.0,9.0,4.0,ascat
C33,2026-01-19,-65.2897,101.014,36.0,-6.375482559204102,2.375211715698242,-0.1907920476514846,0.0007031983695924282,48.0,9.0,4.0,ascat
C33,2026-01-21,-65.2897,101.014,36.0,-6.864719390869141,0.7341461181640625,-0.14715095236897469,0.022856472060084343,48.0,9.0,4.0,ascat
C33,2026-01-23,-65.2897,101.014,36.0,-10.063491821289062,2.42694091796875,-0.2162316031754017,0.05232108756899834,48.0,9.0,4.0,ascat
C33,2026-01-25,-65.2897,101.014,36.0,2.087848663330078,3.055408477783203,-0.11300468444824219,0.11110562086105347,48.0,9.0,4.0,ascat
C33,2026-01-29,-65.366,101.2309,36.0,-1.9631013870239258,0.8881120681762695,-0.09509192439145409,0.0572135514812544,96.0,9.0,4.0,ascat
C33,2026-01-31,-65.366,101.2309,36.0,2.5759639739990234,0.04675483703613281,-0.08002475806279108,0.0649518147110939,48.0,9.0,4.0,ascat
C33,2026-02-02,-65.2127,101.5214,36.0,-9.238456726074219,2.8451366424560547,-0.20096250995993614,-0.0013030730187892914,48.0,9.0,4.0,ascat
C33,2026-02-04,-65.2127,101.5214,36.0,-1.604146957397461,2.6883506774902344,-0.1018988061696291,0.09134727157652378,48.0,9.0,4.0,ascat
C33,2026-02-06,-65.2127,101.5214,36.0,0.16571807861328125,0.2572917938232422,-0.11584234051406384,0.012799182441085577,48.0,9.0,4.0,ascat
C33,2026-02-08,-65.2127,101.5214,36.0,-8.55731201171875,0.9762973785400391,-0.14493374526500702,-0.018246845109388232,48.0,9.0,4.0,ascat
C33,2026-02-10,-65.2127,101.5214,36.0,-1.6687049865722656,2.260404586791992,-0.07717413362115622,0.09529990516602993,48.0,9.0,4.0,ascat
C33,2026-02-12,-65.2127,101.5214,36.0,-5.247201919555664,0.5941829681396484,-0.10170046892017126,-0.007694887463003397,48.0,9.0,4.0,ascat
C33,2026-02-14,-65.2127,101.5214,36.0,-5.313276290893555,1.173065185546875,-0.11441666260361671,-0.01917940890416503,48.0,9.0,4.0,ascat
C33,2026-02-16,-65.19085,101.4949,36.0,2.1317710876464844,2.5279884338378906,-0.04546332568861544,0.0632358780130744,48.0,9.0,4.0,ascat
C33,2026-02-18,-65.169,101.4684,36.0,-0.7142601013183594,0.6649036407470703,-0.0517718514893204,-0.0035935770720243454,48.0,9.0,4.0,ascat
C33,2026-02-20,-65.169,101.4684,36.0,3.0013084411621094,3.3549652099609375,-0.08702484518289566,0.05085696466267109,48.0,9.0,4.0,ascat
C33,2026-02-22,-65.19194999999999,101.3417,36.0,-5.2495269775390625,2.5328407287597656,-0.12964279390871525,-0.021410537883639336,48.0,9.0,4.0,ascat
C33,2026-02-24,-65.1823,101.3371,36.0,5.980703353881836,3.0916900634765625,-0.05190117284655571,0.0967483688145876,48.0,9.0,4.0,ascat
C33,2026-02-26,-65.1823,101.3371,36.0,-0.712982177734375,1.2000579833984375,-0.13336805626749992,-0.019965769723057747,48.0,9.0,4.0,ascat
C33,2026-02-28,-65.1823,101.3371,36.0,-6.94624137878418,1.988006591796875,-0.13406594097614288,-0.05448032170534134,48.0,9.0,4.0,ascat
C33,2026-03-02,-65.1823,101.3371,36.0,-11.026004791259766,5.422420501708984,-0.18086305260658264,-0.04560813494026661,48.0,9.0,4.0,ascat
C33,2026-03-04,-65.1823,101.3371,36.0,-8.196434020996094,4.747758865356445,-0.13490585796535015,-0.03277293127030134,48.0,9.0,4.0,ascat
C33,2026-03-06,-65.1823,101.3371,36.0,-0.49202537536621094,3.270048141479492,-0.11641969345510006,-0.052171727642416954,48.0,9.0,4.0,ascat
C33,2026-03-08,-65.1823,101.3371,36.0,-0.7824954986572266,2.9006500244140625,-0.21572452411055565,-0.10425084922462702,48.0,9.0,4.0,ascat
C33,2026-03-10,-65.1823,101.3371,36.0,2.0193519592285156,2.0948104858398438,-0.31372470408678055,-0.15401449613273144,48.0,9.0,4.0,ascat
C33,2026-03-12,-65.1823,101.3371,36.0,-8.471492767333984,-0.09528541564941406,-0.3539309650659561,-0.08915303042158484,48.0,9.0,4.0,ascat
C33,2026-03-14,-65.2826,102.60945000000001,36.0,-3.190042495727539,3.6458377838134766,-0.145178715698421,0.024161047535017133,48.0,9.0,4.0,ascat
C33,2026-03-16,-65.2206,101.268,36.0,-1.4701309204101562,2.310657501220703,-0.11262661311775446,0.031531555112451315,48.0,9.0,4.0,ascat
C33,2026-03-18,-65.2206,101.268,36.0,3.3742599487304688,2.307332992553711,-0.1526477113366127,0.10749839711934328,48.0,9.0,4.0,ascat
C33,2026-03-20,-65.2206,101.268,36.0,4.705179214477539,3.366212844848633,-0.1344630904495716,0.12050326261669397,48.0,9.0,4.0,ascat
C33,2026-03-22,-65.2206,101.268,36.0,3.219165086746216,1.9701290130615234,-0.13814570009708405,0.006857696920633316,48.0,9.0,4.0,ascat
C33,2026-03-24,-65.2206,101.268,36.0,-6.636837005615234,0.2519569396972656,-0.13715403154492378,0.07227767165750265,48.0,9.0,4.0,ascat
C33,2026-03-26,-65.2206,101.268,36.0,-3.641946792602539,2.702390670776367,-0.09443085640668869,0.04050176218152046,48.0,9.0,4.0,ascat
C33,2026-03-28,-65.2206,101.268,36.0,3.4981441497802734,5.978059768676758,-0.11501222103834152,0.030478189699351788,48.0,9.0,4.0,ascat
C33,2026-03-30,-65.2206,101.268,36.0,-1.820159912109375,1.4486827850341797,-0.15329763665795326,-0.002904527122154832,48.0,9.0,4.0,ascat
C33,2026-04-01,-65.2206,101.268,36.0,-5.10875129699707,2.5113601684570312,-0.139759611338377,0.015189587837085128,48.0,9.0,4.0,ascat
C33,2026-04-03,-65.2206,101.268,36.0,-9.372802734375,1.9125823974609375,-0.252531535923481,-0.06697890069335699,48.0,9.0,4.0,ascat
C33,2026-04-05,-65.2206,101.268,36.0,-17.54010581970215,6.062604904174805,-0.3678388223052025,-0.0859941765666008,48.0,9.0,4.0,ascat
C33,2026-04-07,-65.2206,101.268,36.0,-6.514678955078125,4.375040054321289,-0.3356686607003212,-0.08315038122236729,48.0,9.0,4.0,ascat
C33,2026-04-09,-65.2206,101.268,36.0,-0.8227062225341797,3.1577396392822266,-0.3397428020834923,-0.10467178374528885,48.0,9.0,4.0,ascat
C33,2026-04-11,-65.2206,101.268,36.0,-12.985603332519531,-0.8954963684082031,-0.4006462097167969,-0.11186909675598145,48.0,9.0,4.0,ascat
C33,2026-04-13,-65.2206,101.268,36.0,-1.7755508422851562,5.291805267333984,-0.26289454847574234,-0.015126538695767522,48.0,9.0,4.0,ascat
C33,2026-04-15,-65.2206,101.268,36.0,5.374242782592773,2.721477508544922,-0.20767144858837128,-0.018637395201949403,48.0,9.0,4.0,ascat
C33,2026-04-17,-65.2206,101.268,36.0,-11.669210433959961,2.5147476196289062,-0.3857896327972412,-0.03212611377239227,48.0,9.0,4.0,ascat
C33,2026-04-19,-65.2206,101.268,36.0,-6.770772933959961,0.6260986328125,-0.20144515484571457,0.010664205299690366,48.0,9.0,4.0,ascat
C33,2026-04-21,-65.2206,101.268,36.0,-6.355962753295898,3.091970443725586,-0.2159477174282074,-0.010520702926442027,48.0,9.0,4.0,ascat
C35,2026-01-11,-66.3854,142.9915,40.0,-6.712371826171875,1.21038818359375,-0.11506789177656174,-0.08150912821292877,,8.0,5.0,ascat
C35,2026-01-13,-66.3854,142.9915,40.0,-5.836338043212891,3.282686233520508,-0.07802103599533439,-0.014492624206468463,48.0,8.0,5.0,ascat
C35,2026-01-15,-66.3854,142.9915,40.0,-1.0429267883300781,0.6746101379394531,-0.029318434186279774,0.034162435797043145,48.0,8.0,5.0,ascat
C35,2026-01-17,-66.3854,142.9915,40.0,1.7962169647216797,-0.769073486328125,-0.021842849906533957,0.05126816313713789,48.0,8.0,5.0,ascat
C35,2026-01-19,-66.3854,142.9915,40.0,0.9586238861083984,1.3327312469482422,-0.05086996220052242,0.059199923649430275,48.0,8.0,5.0,ascat
C35,2026-01-21,-66.3854,142.9915,40.0,-4.997776031494141,2.1381988525390625,-0.09137172251939774,-0.03337348299100995,48.0,8.0,5.0,ascat
C35,2026-01-23,-66.3854,142.9915,40.0,-2.1367340087890625,1.87518310546875,-0.06265432760119438,0.011173801962286234,48.0,8.0,5.0,ascat
C35,2026-01-25,-66.3854,142.9915,40.0,-7.341228485107422,2.198352813720703,-0.1041647456586361,-0.03311865450814366,48.0,8.0,5.0,ascat
C35,2026-01-27,-66.3854,142.9915,40.0,-6.630481719970703,2.4362659454345703,-0.09471370372921228,-0.0007239573169499636,48.0,8.0,5.0,ascat
C35,2026-01-29,-66.3854,142.9915,40.0,0.8357563018798828,3.109302520751953,-0.07290347013622522,0.044926634058356285,48.0,8.0,5.0,ascat
C35,2026-01-31,-66.3854,142.9915,40.0,-0.6684207916259766,3.135744094848633,-0.08322852477431297,0.00985631626099348,48.0,8.0,5.0,ascat
C35,2026-02-02,-66.3854,142.9915,40.0,-5.072685241699219,4.972944259643555,-0.13767403922975063,-0.058338397182524204,48.0,8.0,5.0,ascat
C35,2026-02-04,-66.3854,142.9915,40.0,-6.783712387084961,5.142086029052734,-0.11701604351401329,-0.045778293162584305,48.0,8.0,5.0,ascat
C35,2026-02-06,-66.3854,142.9915,40.0,-0.32036590576171875,2.532926559448242,-0.09656181745231152,0.0046880715526640415,48.0,8.0,5.0,ascat
C35,2026-02-08,-66.3854,142.9915,40.0,2.87237548828125,-1.625143051147461,-0.06834254413843155,0.02483614708762616,48.0,8.0,5.0,ascat
C35,2026-02-10,-66.3854,142.9915,40.0,-0.8615760803222656,1.8358440399169922,-0.16991824097931385,-0.027657387778162956,48.0,8.0,5.0,ascat
C35,2026-02-12,-66.37870000000001,143.11575,40.0,-9.431650161743164,8.890081405639648,-0.16710681840777397,-0.03394372994080186,48.0,8.0,5.0,ascat
C35,2026-02-14,-66.3666,143.076,40.0,3.5606250762939453,-0.437286376953125,-0.058398289140313864,0.07778084743767977,48.0,8.0,5.0,ascat
C35,2026-02-16,-66.39054999999999,142.9761,40.0,1.8062095642089844,-3.1337547302246094,-0.07592529500834644,0.07624435564503074,48.0,8.0,5.0,ascat
C35,2026-02-18,-66.354,142.9301,40.0,-2.1524925231933594,2.9006214141845703,-0.1449663306120783,0.02171056244696956,48.0,8.0,5.0,ascat
C35,2026-02-20,-66.354,142.9301,40.0,-13.09024429321289,7.3274993896484375,-0.102034792304039,-0.015695413152570836,48.0,8.0,5.0,ascat
C35,2026-02-22,-66.36080000000001,142.96634999999998,40.0,-10.923965454101562,5.301761627197266,-0.08207758888602257,-0.041249340400099754,48.0,8.0,5.0,ascat
C35,2026-02-24,-66.3431,142.9031,40.0,-10.541635513305664,3.3100738525390625,-0.07880392298102379,-0.02976757730357349,48.0,8.0,5.0,ascat
C35,2026-02-26,-66.3431,142.9031,40.0,-6.863128662109375,2.8784027099609375,-0.03701789351180196,0.026833881391212344,48.0,8.0,5.0,ascat
C35,2026-02-28,-66.3431,142.9031,40.0,-3.1792736053466797,4.243133544921875,-0.0476913689635694,0.024695561674889177,48.0,8.0,5.0,ascat
C35,2026-03-02,-66.3431,142.9031,40.0,-4.239994049072266,3.0149497985839844,-0.0754276942461729,0.01499220565892756,48.0,8.0,5.0,ascat
C35,2026-03-04,-66.3431,142.9031,40.0,-7.942649841308594,2.4932422637939453,-0.06170019693672657,0.024017479503527284,48.0,8.0,5.0,ascat
C35,2026-03-06,-66.3431,142.9031,40.0,-6.384359359741211,6.378812789916992,-0.06941653322428465,0.04798340843990445,48.0,8.0,5.0,ascat
C35,2026-03-08,-66.3431,142.9031,40.0,-6.414697647094727,3.0689849853515625,-0.039023356745019555,0.026778367580845952,48.0,8.0,5.0,ascat
C35,2026-03-10,-66.3431,142.9031,40.0,2.4039955139160156,-4.951087951660156,0.047202972462400794,0.039482791908085346,48.0,8.0,5.0,ascat
C35,2026-03-12,-66.3431,142.9031,40.0,-2.6815757751464844,2.639333724975586,-0.04737491998821497,0.03880628291517496,48.0,8.0,5.0,ascat
C35,2026-03-14,-66.3431,142.9031,40.0,-1.154642105102539,3.6668338775634766,-0.03764157835394144,0.048207090236246586,48.0,8.0,5.0,ascat
C35,2026-03-16,-66.3431,142.9031,40.0,-4.916297912597656,2.641590118408203,-0.11426661722362041,0.008404124706430594,48.0,8.0,5.0,ascat
C35,2026-03-18,-66.3431,142.9031,40.0,-9.458137512207031,8.393636703491211,-0.15667586214840412,0.033258870302233845,48.0,8.0,5.0,ascat
C35,2026-03-20,-66.32735,142.93265,40.0,-0.31813621520996094,3.064332962036133,-0.0441883138846606,0.03578209038823843,48.0,8.0,5.0,ascat
C35,2026-03-22,-66.3116,142.9622,40.0,-2.703686475753784,1.0611934661865234,-0.07990495767444372,0.02295821299776435,48.0,8.0,5.0,ascat
C35,2026-03-24,-66.28280000000001,143.01655,40.0,-0.9702110290527344,1.5682411193847656,-0.09251598070841283,0.03580097923986614,48.0,8.0,5.0,ascat
C35,2026-03-26,-66.2481,143.0514,40.0,-3.755472183227539,0.7709941864013672,-0.0736211184412241,0.02284091874025762,48.0,8.0,5.0,ascat
C35,2026-03-28,-66.2422,143.0319,40.0,-6.968652725219727,6.468538284301758,-0.19014170952141285,0.06513313855975866,48.0,8.0,5.0,ascat
C35,2026-03-30,-66.2422,143.0319,40.0,-1.609588623046875,5.39314079284668,-0.11280284821987152,0.07418420631438494,48.0,8.0,5.0,ascat
C35,2026-04-01,-66.2185,142.9539,40.0,-7.81443977355957,3.1253738403320312,-0.17704847268760204,0.05197979975491762,48.0,8.0,5.0,ascat
C35,2026-04-03,-66.2185,142.9539,40.0,-12.8162841796875,12.306747436523438,-0.23892408423125744,0.0936805009841919,48.0,8.0,5.0,ascat
C35,2026-04-05,-66.2185,142.9539,40.0,-5.478094100952148,5.980817794799805,-0.14637407660484314,0.05349680595099926,48.0,8.0,5.0,ascat
C35,2026-04-07,-66.2185,142.9539,40.0,-6.998443603515625,5.522623062133789,-0.15380105189979076,0.05318600591272116,48.0,8.0,5.0,ascat
C35,2026-04-09,-66.2185,142.9539,40.0,-9.73750114440918,5.392602920532227,-0.14965099841356277,0.0460937824100256,48.0,8.0,5.0,ascat
C35,2026-04-11,-66.2185,142.9539,40.0,-9.682258605957031,10.404308319091797,-0.17939418181777,0.0860826326534152,48.0,8.0,5.0,ascat
C35,2026-04-13,-66.2185,142.9539,40.0,-7.624061584472656,7.594905853271484,-0.1435936503112316,0.044554347172379494,48.0,8.0,5.0,ascat
C35,2026-04-15,-66.2185,142.9539,40.0,-9.592920303344727,6.046428680419922,-0.1262179370969534,0.057683088816702366,48.0,8.0,5.0,ascat
C35,2026-04-17,-66.2185,142.9539,40.0,-4.150777816772461,4.168678283691406,-0.0704827094450593,0.07464975491166115,48.0,8.0,5.0,ascat
C35,2026-04-19,-66.2185,142.9539,40.0,-3.814229965209961,2.684326171875,-0.11469226982444525,0.040043083019554615,48.0,8.0,5.0,ascat
C35,2026-04-21,-66.2185,142.9539,40.0,-7.121953964233398,3.154836654663086,-0.12412129854783416,0.02958417311310768,48.0,8.0,5.0,ascat
C36,2026-01-01,-67.7815,147.6613,368.0,-3.2309722900390625,1.3499755859375,-0.027591299265623093,0.010343093425035477,,23.0,16.0,ascat
C36,2026-01-03,-67.7815,147.6613,368.0,-0.1558361053466797,-0.3932304382324219,-0.029516559094190598,0.022347584628732875,48.0,23.0,16.0,ascat
C36,2026-01-05,-67.7815,147.6613,368.0,-2.3444271087646484,0.7353763580322266,-0.09996638167649508,-0.0332598187669646,48.0,23.0,16.0,ascat
C36,2026-01-07,-67.7815,147.6613,368.0,-2.8405113220214844,3.4388599395751953,-0.12395064160227776,-0.04588128044269979,48.0,23.0,16.0,ascat
C36,2026-01-09,-67.7815,147.6613,368.0,-3.0514183044433594,4.071393966674805,-0.07681022770702839,0.010480724275112152,48.0,23.0,16.0,ascat
C36,2026-01-11,-67.7815,147.6613,368.0,0.6631450653076172,2.375049591064453,-0.06107829883694649,0.00961424014531076,48.0,23.0,16.0,ascat
C36,2026-01-13,-67.7815,147.6613,368.0,-1.7305030822753906,2.319551467895508,-0.0751941055059433,-0.044730707071721554,48.0,23.0,16.0,ascat
C36,2026-01-15,-67.7815,147.6613,368.0,3.096599578857422,4.280078887939453,-0.07409507222473621,0.09217325691133738,48.0,23.0,16.0,ascat
C36,2026-01-19,-67.7815,147.6613,368.0,4.1661224365234375,6.988127708435059,-0.019689567969180644,0.09695094544440508,96.0,23.0,16.0,ascat
C36,2026-01-21,-67.7815,147.6613,368.0,0.056911468505859375,6.1397857666015625,-0.02195740770548582,0.02380691934376955,48.0,23.0,16.0,ascat
C36,2026-01-23,-67.7815,147.6613,368.0,0.6176605224609375,5.51190185546875,-0.022071490064263344,0.05531860049813986,48.0,23.0,16.0,ascat
C36,2026-01-27,-67.7815,147.6613,368.0,0.18967723846435547,3.3516273498535156,-0.04675422445870936,-0.046853798296069726,96.0,23.0,16.0,ascat
C36,2026-01-29,-67.89,147.46,368.0,1.5219135284423828,4.668750762939453,-0.1273738481104374,-0.019430071872193366,48.0,23.0,16.0,nic
C36,2026-01-31,-67.7815,147.6613,368.0,-0.48726844787597656,3.067750930786133,-0.07327772583812475,-0.02608965674880892,48.0,23.0,16.0,ascat
C36,2026-02-06,-67.89,147.46,368.0,-1.1831353505452473,3.621638615926107,-0.16245806931207576,-0.0627195139726003,144.0,23.0,16.0,nic
C36,2026-02-08,-67.7815,147.6613,368.0,-2.20562744140625,1.787942886352539,-0.12867095693945885,-0.03194104843350942,48.0,23.0,16.0,ascat
C36,2026-02-12,-67.89,147.47,368.0,-1.2558393478393555,3.528012275695801,-0.18726532720029354,-0.06676337006501853,96.0,23.0,16.0,nic
C36,2026-02-16,-67.887,147.468,368.0,-0.10835647583007812,-0.026262283325195312,-0.04119060095399618,0.009013242553919554,96.0,23.0,16.0,ascat
C36,2026-02-18,-67.887,147.468,368.0,0.6563453674316406,3.8690052032470703,-0.13260375894606113,-0.0268218161072582,48.0,23.0,16.0,ascat
C36,2026-02-20,-67.887,147.468,368.0,-10.55142593383789,4.7640228271484375,-0.26378438994288445,-0.06911490950733423,48.0,23.0,16.0,ascat
C36,2026-02-22,-67.887,147.468,368.0,-8.532485961914062,3.6137733459472656,-0.1510564684867859,-0.020673606311902404,48.0,23.0,16.0,ascat
C36,2026-02-24,-67.887,147.468,368.0,-8.157846450805664,1.7918853759765625,-0.188729390501976,-0.035810795379802585,48.0,23.0,16.0,ascat
C36,2026-02-26,-67.89,147.47,368.0,-5.359466552734375,2.8251800537109375,-0.10228093340992928,0.005850622663274407,48.0,23.0,16.0,nic
C36,2026-02-28,-67.887,147.468,368.0,0.7670154571533203,2.040130615234375,0.0383594511076808,0.07318001799285412,48.0,23.0,16.0,ascat
C36,2026-03-02,-67.887,147.468,368.0,2.0692100524902344,4.884578704833984,0.00904830638319254,-0.005353414628189057,48.0,23.0,16.0,ascat
C36,2026-03-04,-67.887,147.468,368.0,-6.679466247558594,3.0479297637939453,-0.12416260736063123,-0.07512736320495605,48.0,23.0,16.0,ascat
C36,2026-03-06,-67.887,147.468,368.0,-0.7542324066162109,4.365262985229492,-0.07376655982807279,-0.028973232256248593,48.0,23.0,16.0,ascat
C36,2026-03-12,-67.76,147.04,368.0,-0.7424335479736328,1.1290486653645833,-0.06933936973412831,0.027178758716521163,144.0,23.0,16.0,nic
C36,2026-03-14,-67.6646,146.9525,368.0,2.264669418334961,6.347253799438477,-0.07341686775907874,0.05815244233235717,48.0,23.0,16.0,ascat
C36,2026-03-20,-67.63705,146.81885,368.0,-1.5615736643473308,5.263973871866862,-0.10391118253270785,0.06858490298812588,144.0,23.0,16.0,nic
C36,2026-03-26,-67.55,146.66,368.0,0.9814673264821371,4.280398686726888,-0.07269097336878379,0.08609152212738991,144.0,23.0,16.0,nic
C36,2026-03-28,-67.5034,146.6176,368.0,-1.2251224517822266,7.288240432739258,-0.12826158665120602,0.11813376843929291,48.0,23.0,16.0,ascat
C36,2026-04-03,-67.49,146.5,368.0,-2.365800221761068,9.5482546488444,-0.11280777025967836,0.1358450905730327,144.0,23.0,16.0,nic
C36,2026-04-09,-67.51,146.47,368.0,-0.7428340911865234,11.235777537027994,-0.06759355869144201,0.15699167177081108,144.0,23.0,16.0,nic
C36,2026-04-13,-67.5175,146.538,368.0,-2.2748842239379883,13.218188285827637,-0.09303824428934604,0.1850685365498066,96.0,23.0,16.0,ascat
C36,2026-04-15,-67.5175,146.538,368.0,-0.04140663146972656,9.765300750732422,-0.057862926507368684,0.1719721108675003,48.0,23.0,16.0,ascat
C36,2026-04-17,-67.5124,146.51139999999998,368.0,-1.346944808959961,9.478492736816406,-0.025954367127269506,0.12160620465874672,48.0,23.0,16.0,nic
C36,2026-04-19,-67.5148,146.5428,368.0,-0.7861537933349609,8.90625,-0.03080579824745655,0.12413812801241875,48.0,23.0,16.0,ascat
C36,2026-04-21,-67.4983,146.5713,368.0,-2.3075008392333984,5.128713607788086,-0.045352369372267276,0.09630783647298813,48.0,23.0,16.0,ascat
C39,2026-01-01,-67.7,77.503,120.0,2.2836761474609375,2.8665771484375,0.0056188516318798065,0.04026886448264122,,15.0,8.0,ascat
C39,2026-01-15,-67.65674999999999,77.3535,120.0,-8.316319147745768,-2.87910525004069,0.028358995565213263,-0.1258654799312353,144.0,15.0,8.0,ascat
C39,2026-01-29,-67.71,77.5,120.0,-1.0219217936197917,-0.58349609375,0.04521341032038132,-0.08152689815809329,144.0,15.0,8.0,nic
C39,2026-02-12,-67.72784999999999,77.52860000000001,120.0,-9.970954259236654,-1.7909971872965496,0.005607892681534092,-0.1330282874405384,144.0,15.0,8.0,ascat
C39,2026-02-18,-67.71,77.56,120.0,-1.0261236826578777,0.4258607228597005,0.04798837758911153,-0.12844138592481613,144.0,15.0,8.0,nic
C39,2026-02-20,-67.7283,77.4031,120.0,-1.5456886291503906,0.6555023193359375,0.08341237436980009,-0.16950714774429798,48.0,15.0,8.0,ascat
C39,2026-02-22,-67.7139,77.4978,120.0,0.3486175537109375,-0.4107627868652344,0.07162145338952541,-0.16270551178604364,48.0,15.0,8.0,ascat
C39,2026-02-26,-67.71,77.44,120.0,-5.446213722229004,-2.200986862182617,0.04209611169062555,-0.1349759786389768,96.0,15.0,8.0,nic
C39,2026-02-28,-67.7344,77.5927,120.0,-1.7880382537841797,-1.551177978515625,0.03820909094065428,-0.0510121809784323,48.0,15.0,8.0,ascat
C39,2026-03-02,-67.7457,77.5772,120.0,2.1419639587402344,2.6290855407714844,0.030935234390199184,-0.006267704186029732,48.0,15.0,8.0,ascat
C39,2026-03-04,-67.7407,77.5176,120.0,5.048194885253906,4.287431716918945,0.03682153159752488,-0.012025584350340068,48.0,15.0,8.0,ascat
C39,2026-03-06,-67.7288,77.52615,32.0,4.161783218383789,4.606595993041992,0.03627878846600652,-0.03332855412736535,48.0,8.0,4.0,ascat
C39,2026-03-08,-67.7193,77.5629,32.0,-0.7191410064697266,0.7663726806640625,0.03679579636082053,-0.07541746646165848,48.0,8.0,4.0,ascat
C39,2026-03-10,-67.9143,77.4486,32.0,-7.099300384521484,-1.6859512329101562,0.010317013831809163,-0.14620451908558607,48.0,8.0,4.0,ascat
C39,2026-03-12,-68.0159,77.53575000000001,32.0,-14.557918548583984,-4.232614517211914,-0.0064430707425344735,-0.15417368710041046,48.0,8.0,4.0,ascat
C39,2026-03-14,-68.1245,77.5015,32.0,-6.284280776977539,-1.7306270599365234,-0.004445296566700563,-0.0599708401132375,48.0,8.0,4.0,ascat
C39,2026-03-16,-68.25065000000001,77.52055,32.0,-0.6778945922851562,-2.801769256591797,-0.005428884469438344,-0.12861369515303522,48.0,8.0,4.0,ascat
C39,2026-03-18,-68.3041,77.3358,32.0,-3.5853347778320312,-5.574869155883789,-0.04567122180014849,-0.1580046322196722,48.0,8.0,4.0,ascat
C39,2026-03-20,-68.3852,77.16895,32.0,0.32944679260253906,1.2434101104736328,0.009611612185835838,0.1251965556293726,48.0,8.0,4.0,nic
C39,2026-03-22,-68.5025,77.2421,32.0,6.342944383621216,3.5539913177490234,0.09438681555911899,0.13859846582636237,48.0,8.0,4.0,ascat
C39,2026-03-24,-68.8581,76.9685,32.0,-2.2912559509277344,-2.7822227478027344,-0.14018610888160765,-0.26073092059232295,48.0,8.0,4.0,ascat
C39,2026-03-26,-68.87455,76.52195,32.0,-5.519876480102539,-2.710695266723633,-0.23059558495879173,-0.09704824746586382,48.0,8.0,4.0,ascat
C39,2026-03-28,-69.2238,75.7971,32.0,-6.249170303344727,-5.524625778198242,-0.2507574763149023,-0.22889939160086215,48.0,8.0,4.0,ascat
C39,2026-03-30,-69.24235,75.64075,32.0,-11.055511474609375,-6.60258674621582,-0.35198506712913513,-0.208740902133286,48.0,8.0,4.0,ascat
C39,2026-04-01,-69.2415,75.5465,32.0,-2.7855091094970703,1.0538406372070312,-0.3080753907561302,0.014108492759987712,48.0,8.0,4.0,ascat
C39,2026-04-03,-69.23150000000001,75.43795,32.0,-3.3369140625,1.6862640380859375,-0.3146265931427479,0.01839290594216436,48.0,8.0,4.0,ascat
C39,2026-04-05,-69.224,75.35655,32.0,-2.4035091400146484,0.5364818572998047,-0.2942780554294586,0.034607942681759596,48.0,8.0,4.0,ascat
C39,2026-04-07,-69.2052,75.2916,32.0,-0.250518798828125,1.153604507446289,-0.26235765404999256,0.007251964882016182,48.0,8.0,4.0,ascat
C39,2026-04-09,-69.19525,75.11725000000001,32.0,-1.4719982147216797,3.1345462799072266,-0.23267924785614014,-0.04745104629546404,48.0,8.0,4.0,ascat
C39,2026-04-11,-69.21175,75.0888,32.0,-9.130256652832031,-1.9844856262207031,-0.2370656356215477,-0.09446480311453342,48.0,8.0,4.0,ascat
C39,2026-04-13,-69.2237,75.0798,32.0,-3.7438125610351562,-2.7988929748535156,-0.23117471486330032,0.038024359382689,48.0,8.0,4.0,ascat
C39,2026-04-15,-69.2237,75.0798,32.0,-3.2940921783447266,-0.5587959289550781,-0.1877538003027439,0.05967632029205561,48.0,8.0,4.0,ascat
C39,2026-04-17,-69.2141,75.087,32.0,-0.41884422302246094,3.0584487915039062,-0.2148723341524601,0.06763459276407957,48.0,8.0,4.0,ascat
C39,2026-04-19,-69.2045,75.0942,32.0,-0.6589565277099609,0.6400146484375,-0.2220411840826273,0.06143301632255316,48.0,8.0,4.0,ascat
C39,2026-04-21,-69.1652,75.00309999999999,32.0,0.11522865295410156,-0.04706764221191406,-0.19311882741749287,0.08182221837341785,48.0,8.0,4.0,ascat
D15B,2026-01-01,-66.97,81.44,384.0,-1.6958160400390625,2.5941162109375,-0.017889562994241714,0.023817475885152817,,32.0,12.0,nic
D15B,2026-01-03,-66.9927,81.4779,384.0,-2.9993419647216797,0.8057441711425781,-0.010258669848553836,-0.020024062134325504,48.0,32.0,12.0,ascat
D15B,2026-01-05,-66.9927,81.4779,384.0,-6.334905624389648,0.8895511627197266,-0.009243782609701157,-0.06101868487894535,48.0,32.0,12.0,ascat
D15B,2026-01-09,-66.9927,81.4779,384.0,-9.915664672851562,-1.993077278137207,0.006567464908584952,-0.0887799272313714,96.0,32.0,12.0,ascat
D15B,2026-01-15,-66.97,81.45,384.0,-9.954462051391602,-1.7282263437906902,0.026549037002647918,-0.06435239377121131,144.0,32.0,12.0,nic
D15B,2026-01-17,-66.9927,81.4779,384.0,-5.27226448059082,0.128997802734375,0.02374778245575726,-0.05870937171857804,48.0,32.0,12.0,ascat
D15B,2026-01-19,-66.9927,81.4779,384.0,-2.8596134185791016,0.3528728485107422,0.006100018275901675,-0.012938099564053118,48.0,32.0,12.0,ascat
D15B,2026-01-23,-66.97,81.45,384.0,-1.5695714950561523,1.1266355514526367,-6.513959669973701e-05,0.02492405811790377,96.0,32.0,12.0,nic
D15B,2026-01-29,-66.9927,81.4779,384.0,-0.5794576009114584,-0.4275716145833333,0.012458514926644662,0.010322936189671358,144.0,32.0,12.0,ascat
D15B,2026-02-04,-66.9927,81.4779,384.0,-2.2357762654622397,-0.1151593526204427,0.013165158374855915,-0.007517889064426224,144.0,32.0,12.0,ascat
D15B,2026-02-06,-66.97,81.45,384.0,-9.510673522949219,-3.074373245239258,0.06149675324559212,-0.10185562819242477,48.0,32.0,12.0,nic
D15B,2026-02-08,-66.9927,81.4779,384.0,-10.83831787109375,-1.768819808959961,0.042371831368654966,-0.06879615597426891,48.0,32.0,12.0,ascat
D15B,2026-02-10,-66.9927,81.4779,384.0,-5.315189361572266,0.1762981414794922,0.038160978350788355,-0.06449487898498774,48.0,32.0,12.0,ascat
D15B,2026-02-12,-67.03,81.56,384.0,-15.939828872680664,-2.0724430084228516,0.00982585921883583,-0.09190816106274724,48.0,32.0,12.0,nic
D15B,2026-02-18,-67.02,81.55,240.0,-4.107463200887044,-0.6224384307861328,0.03378620510920882,-0.041897003433859936,144.0,20.0,12.0,nic
D15B,2026-02-22,-66.9927,81.4779,240.0,0.43607616424560547,1.2817983627319336,0.03410237422212958,0.021184314898391676,96.0,20.0,12.0,ascat
D15B,2026-02-26,-67.02,81.55,240.0,-4.995652198791504,-0.9240703582763672,0.023546780459582806,-0.055969106673728675,96.0,20.0,12.0,nic
D15B,2026-03-12,-67.01135,81.51895,240.0,-7.8970152537028,-1.1004435221354167,0.01579769786136846,-0.07326517052327593,144.0,20.0,12.0,ascat
D15B,2026-03-26,-67.03,81.56,240.0,-2.8838077386220298,1.0408153533935547,-0.0263132849164928,-0.049400965527941786,144.0,20.0,12.0,nic
D15B,2026-03-28,-66.9927,81.4779,240.0,-8.145166397094727,-1.5519695281982422,-0.021577603300102055,-0.1342299012467265,48.0,20.0,12.0,ascat
D15B,2026-03-30,-66.9927,81.4779,240.0,-13.120086669921875,-4.85441780090332,0.03736370021943003,-0.14900479465723038,48.0,20.0,12.0,ascat
D15B,2026-04-01,-67.0318,81.4629,240.0,-6.33751106262207,1.4099197387695312,-0.005468878778629005,-0.03446179715683684,48.0,20.0,12.0,ascat
D15B,2026-04-03,-67.0318,81.4629,240.0,-5.2978515625,0.3626556396484375,-0.024046297068707645,-0.07258534478023648,48.0,20.0,12.0,ascat
D15B,2026-04-05,-67.0318,81.4629,240.0,1.0076236724853516,2.4787425994873047,0.001820706413127482,-0.022330360021442175,48.0,20.0,12.0,ascat
D15B,2026-04-07,-67.0318,81.4629,240.0,-0.034088134765625,2.026529312133789,0.002282766392454505,-0.02232697536237538,48.0,20.0,12.0,ascat
D15B,2026-04-09,-67.0318,81.4629,240.0,-6.06159782409668,0.16396522521972656,-0.06523436098359525,-0.1120910404715687,48.0,20.0,12.0,ascat
D15B,2026-04-11,-67.0318,81.4629,240.0,-15.498298645019531,-4.809314727783203,0.02801157906651497,-0.12285115104168653,48.0,20.0,12.0,ascat
D15B,2026-04-13,-67.0318,81.4629,240.0,-2.9188613891601562,0.3158531188964844,0.035036335699260235,0.005920585943385959,48.0,20.0,12.0,ascat
D15B,2026-04-15,-67.0318,81.4629,240.0,-5.769800186157227,0.2843437194824219,-0.042835185304284096,-0.0667782484088093,48.0,20.0,12.0,ascat
D15B,2026-04-17,-67.0318,81.4629,240.0,-5.513692855834961,2.1791763305664062,-0.051476677879691124,-0.03773384261876345,48.0,20.0,12.0,ascat
D15B,2026-04-19,-67.0318,81.4629,240.0,-1.883687973022461,2.1116943359375,-0.0002797236666083336,-0.02452801342587918,48.0,20.0,12.0,ascat
D15B,2026-04-21,-67.0318,81.4629,240.0,3.7407169342041016,2.163747787475586,0.01465849974192679,-0.023570268414914608,48.0,20.0,12.0,ascat
D15C,2026-01-15,-66.834,81.02,98.0,-4.898681640625,0.385162353515625,-0.03810970485210419,-0.32316821813583374,,14.0,7.0,ascat
D15C,2026-01-17,-66.834,81.02,98.0,-5.12370491027832,0.188568115234375,-0.022743004374206066,-0.32372524589300156,48.0,14.0,7.0,ascat
D15C,2026-02-06,-66.834,81.02,98.0,-8.633476257324219,-3.074007034301758,0.03014196660660673,-0.25880181416869164,48.0,14.0,7.0,ascat
D15C,2026-02-10,-66.834,81.02,98.0,-7.767769813537598,-0.7334690093994141,0.01313524068245897,-0.28074219077825546,96.0,14.0,7.0,ascat
D15C,2026-02-12,-66.834,81.02,98.0,-15.562387466430664,-2.0359439849853516,-0.015685150981880724,-0.3060655854642391,48.0,14.0,7.0,ascat
D15C,2026-02-14,-66.834,81.02,98.0,-4.361494064331055,1.062835693359375,-0.028434185311198235,-0.2079872488975525,48.0,14.0,7.0,ascat
D15C,2026-02-18,-66.834,81.02,98.0,-2.299139976501465,-0.7892942428588867,0.016687741328496486,-0.2922052051872015,96.0,14.0,7.0,ascat
D15C,2026-02-20,-66.834,81.02,98.0,-1.7881202697753906,1.8023529052734375,0.016015191096812487,-0.2847198061645031,48.0,14.0,7.0,ascat
D15C,2026-02-24,-66.8024,80.9822,98.0,-1.1730852127075195,0.12704181671142578,0.0034429998086125124,-0.2701714541763067,96.0,14.0,7.0,ascat
D15C,2026-02-26,-66.8024,80.9822,98.0,-6.016937255859375,-1.2485504150390625,0.005812410068756435,-0.29932840168476105,48.0,14.0,7.0,ascat
D15C,2026-03-02,-66.8024,80.9822,98.0,1.2943105697631836,2.4559946060180664,0.019652766102808528,-0.22294598631560802,96.0,14.0,7.0,ascat
D15C,2026-03-04,-66.8024,80.9822,98.0,3.4657974243164062,2.7464160919189453,0.03250581258907914,-0.1600755974650383,48.0,14.0,7.0,ascat
D15C,2026-03-06,-66.77,80.94,98.0,2.658975601196289,4.118680953979492,0.08232278283685446,-0.11176039464771748,48.0,14.0,7.0,nic
D15C,2026-03-08,-66.8219,80.9743,98.0,-2.0360355377197266,0.7131500244140625,0.13972770981490612,-0.1647609919309616,48.0,14.0,7.0,ascat
D15C,2026-03-10,-66.8219,80.9743,98.0,-6.271907806396484,-0.18363189697265625,0.1024071779102087,-0.2901303246617317,48.0,14.0,7.0,ascat
D15C,2026-03-12,-66.82,80.97,98.0,-13.938045501708984,-3.099435806274414,0.07249008771032095,-0.3076627030968666,48.0,14.0,7.0,nic
D15C,2026-03-14,-66.8219,80.9743,98.0,-7.483377456665039,-0.41336631774902344,0.059623682871460915,-0.294138640165329,48.0,14.0,7.0,ascat
D15C,2026-03-16,-66.82085000000001,80.91825,98.0,-3.0710830688476562,-1.3922233581542969,0.06217173859477043,-0.3253239691257477,48.0,14.0,7.0,ascat
D15C,2026-03-20,-66.81905,80.69975,98.0,-4.689975738525391,-0.5861063003540039,-0.018358295666985214,-0.33741986844688654,96.0,14.0,7.0,nic
D15C,2026-03-22,-66.8381,80.6395,98.0,4.302661180496216,5.105138778686523,-0.03591962484642863,-0.21107234805822372,48.0,14.0,7.0,ascat
D15C,2026-03-26,-66.84665,80.48705,98.0,-5.169405937194824,-0.7634401321411133,-0.010876397835090756,-0.29204360768198967,96.0,14.0,7.0,nic
D15C,2026-03-28,-66.87165,80.45935,98.0,-7.601221084594727,-1.7117595672607422,-0.0039020872209221125,-0.3318053260445595,48.0,14.0,7.0,ascat
D15C,2026-04-01,-66.8506,80.4429,98.0,-7.043478012084961,-1.8842153549194336,-0.027753022557590157,-0.260315565392375,96.0,14.0,7.0,ascat
D15C,2026-04-03,-66.88085000000001,80.38065,98.0,-4.6024169921875,0.6865081787109375,-0.06244740914553404,-0.20572984963655472,48.0,14.0,7.0,ascat
D15C,2026-04-07,-66.888,80.4469,98.0,1.9499807357788086,3.1217517852783203,-0.055785754695534706,-0.14382729399949312,96.0,14.0,7.0,ascat
D15C,2026-04-09,-66.98895,80.25965,98.0,-6.17097282409668,0.36293983459472656,-0.12269831076264381,-0.2980473507195711,48.0,14.0,7.0,ascat
D15C,2026-04-13,-67.0745,80.095,98.0,-7.627850532531738,-2.0559206008911133,-0.04384034557733685,-0.16847352660261095,96.0,14.0,7.0,ascat
D15C,2026-04-15,-67.06475,80.09935,98.0,-5.960718154907227,0.13798141479492188,-0.08650550711899996,-0.11327650025486946,48.0,14.0,7.0,ascat
D15C,2026-04-17,-67.03,80.09,98.0,-4.234884262084961,3.0073013305664062,-0.06625402299687266,-0.06363064143806696,48.0,14.0,7.0,nic
D15C,2026-04-19,-67.0793,80.0929,98.0,-0.6877651214599609,2.375,-0.020070612663403153,-0.019729661755263805,48.0,14.0,7.0,ascat
D15C,2026-04-21,-67.08500000000001,80.04599999999999,98.0,4.318475723266602,2.149343490600586,-0.006199821946211159,-0.004369065165519714,48.0,14.0,7.0,ascat
D15C,2026-04-23,-67.09,79.82,98.0,-1.63629150390625,1.1467475891113281,-0.06437241192907095,-0.04108344909036532,48.0,14.0,7.0,nic
D15C,2026-04-29,-67.14,79.65,98.0,-0.4599234263102214,2.8244043986002603,-0.04018295439891517,0.010548768751808288,144.0,14.0,7.0,nic
D23,2026-01-01,-69.43,74.72,42.0,-3.2895660400390625,0.8607177734375,-0.10473957657814026,-0.02556951530277729,,7.0,6.0,nic
D23,2026-01-15,-69.43,74.72,42.0,-5.302321751912435,-0.4206091562906901,-0.18298941353956857,-0.1027968783552448,144.0,7.0,6.0,nic
D23,2026-01-29,-69.43,74.72,42.0,-2.350494384765625,0.22025553385416666,-0.07259252977867921,-0.0627299038072427,144.0,7.0,6.0,nic
D23,2026-02-04,-69.44,74.71,42.0,-2.1839777628580728,1.3464291890462239,-0.09360865379373233,-0.12674489058554173,144.0,7.0,6.0,ascat
D23,2026-02-06,-69.435,74.715,42.0,-6.620048522949219,-0.08706855773925781,-0.1157730296254158,-0.20275582000613213,48.0,7.0,6.0,nic
D23,2026-02-08,-69.44,74.71,42.0,-5.13372802734375,0.7435092926025391,-0.10391452722251415,-0.2541924752295017,48.0,7.0,6.0,ascat
D23,2026-02-10,-69.44,74.71,42.0,-4.754642486572266,-0.4842243194580078,-0.027467597275972366,-0.04493765812367201,48.0,7.0,6.0,ascat
D23,2026-02-12,-69.44,74.71,42.0,-6.743417739868164,0.5878353118896484,-0.09835352841764688,-0.12854962050914764,48.0,7.0,6.0,ascat
D23,2026-02-14,-69.44,74.71,42.0,-4.315595626831055,1.331512451171875,0.020452032797038555,-0.062217310070991516,48.0,7.0,6.0,ascat
D23,2026-02-16,-69.44,74.71,42.0,-5.411685943603516,1.4457130432128906,0.055961922742426395,0.13919809460639954,48.0,7.0,6.0,ascat
D23,2026-02-18,-69.44,74.71,42.0,-1.4333763122558594,2.1633167266845703,-0.01807993743568659,0.050347414799034595,48.0,7.0,6.0,ascat
D23,2026-02-20,-69.44,74.71,42.0,-2.4440040588378906,1.0991058349609375,-0.0136545579880476,0.03588217217475176,48.0,7.0,6.0,ascat
D23,2026-02-22,-69.44,74.71,42.0,0.8624114990234375,0.5244178771972656,-0.007530197995947674,0.09008020698092878,48.0,7.0,6.0,ascat
D23,2026-02-24,-69.44,74.71,42.0,-4.772348403930664,1.5969390869140625,-0.054627879057079554,0.06464442214928567,48.0,7.0,6.0,ascat
D23,2026-02-26,-69.44,74.71,42.0,-2.806732177734375,1.8820648193359375,-0.04395484924316406,0.052315207198262215,48.0,7.0,6.0,ascat
D23,2026-02-28,-69.44,74.71,42.0,-3.7772960662841797,0.965911865234375,-0.017854875652119517,-0.013119085691869259,48.0,7.0,6.0,ascat
D23,2026-03-04,-69.44,74.71,42.0,-0.37503528594970703,1.5838861465454102,0.03910315238590556,0.04118064255453646,96.0,7.0,6.0,ascat
D23,2026-03-06,-69.43,74.73,42.0,0.013589859008789062,3.165555953979492,-0.009964132215827703,0.02476058341562748,48.0,7.0,6.0,nic
D23,2026-03-12,-69.43,74.73,42.0,-4.478232701619466,0.7392374674479166,-0.0026169782504439354,-0.04905389777074257,144.0,7.0,6.0,nic
D23,2026-03-18,-69.44,74.71,42.0,0.9222418467203776,1.7624244689941406,-0.05212656098107497,0.16463247314095497,144.0,7.0,6.0,ascat
D23,2026-03-20,-69.435,74.72,42.0,4.045877456665039,3.041383743286133,-0.10317463241517544,0.2954382412135601,48.0,7.0,6.0,nic
D23,2026-03-24,-69.44,74.71,42.0,2.715525269508362,1.5641260147094727,-0.08251954894512892,0.09337345976382494,96.0,7.0,6.0,ascat
D23,2026-03-26,-69.44,74.71,42.0,-4.561868667602539,-2.539308547973633,-0.1303467247635126,-0.08695793896913528,48.0,7.0,6.0,ascat
D23,2026-03-28,-69.44,74.71,42.0,-3.7864017486572266,-0.8703289031982422,-0.12571110017597675,-0.10662752948701382,48.0,7.0,6.0,ascat
D23,2026-03-30,-69.44,74.71,42.0,-9.583465576171875,-2.8605213165283203,-0.10816661827266216,-0.09520033933222294,48.0,7.0,6.0,ascat
D23,2026-04-01,-69.44,74.71,42.0,-2.5890979766845703,1.8888015747070312,0.0064818658865988255,-0.03479219879955053,48.0,7.0,6.0,ascat
D23,2026-04-03,-69.44,74.71,42.0,-2.7801513671875,2.4324798583984375,0.011688083526678383,-0.019861476263031363,48.0,7.0,6.0,ascat
D23,2026-04-09,-69.43,74.71,42.0,-2.56245485941569,2.1893908182779946,-0.013420184492133558,0.0047103727314000325,144.0,7.0,6.0,nic
D23,2026-04-19,-69.44,74.71,42.0,-2.680074691772461,0.7381591796875,-0.042873237282037735,0.022780598141252995,48.0,7.0,6.0,ascat
D23,2026-04-21,-69.44,74.71,42.0,-1.6245174407958984,0.23479270935058594,-0.02328344783745706,0.037842921912670135,48.0,7.0,6.0,ascat
D30B,2026-01-25,-60.6416,-45.5151,75.0,9.681476593017578,-1.2212028503417969,0.05939975753426552,0.025271750055253506,48.0,15.0,5.0,ascat
D30B,2026-01-29,-60.6422,-45.4741,75.0,4.626254081726074,-2.6912336349487305,0.046082418179139495,0.0071551613946212456,96.0,15.0,5.0,ascat
D30B,2026-02-02,-60.6422,-45.4741,75.0,10.36624813079834,-0.43691539764404297,0.06267057475633919,0.026492799166589975,96.0,15.0,5.0,ascat
D30B,2026-02-04,-60.6422,-45.4741,75.0,5.900613784790039,-0.6599159240722656,0.06755076255649328,0.047642883844673634,48.0,15.0,5.0,ascat
D30B,2026-02-06,-60.6422,-45.4741,75.0,4.722236633300781,1.2530193328857422,0.047086128033697605,0.05568190198391676,48.0,15.0,5.0,ascat
D30B,2026-02-08,-60.6308,-45.5123,75.0,-2.80975341796875,-1.195699691772461,0.027381381951272488,0.006916354410350323,48.0,15.0,5.0,ascat
D30B,2026-02-12,-60.6308,-45.5123,75.0,-0.28348827362060547,0.18243122100830078,0.022631492814980447,-0.003585562575608492,96.0,15.0,5.0,ascat
D30B,2026-02-14,-60.6308,-45.5123,75.0,0.4466114044189453,6.444305419921875,-0.01693344092927873,0.027379057137295604,48.0,15.0,5.0,ascat
D30B,2026-02-16,-60.6308,-45.5123,75.0,6.769466400146484,-0.18563461303710938,0.05744333192706108,0.022685674019157887,48.0,15.0,5.0,ascat
D30B,2026-02-18,-60.6308,-45.5123,75.0,5.551486968994141,-4.15235710144043,0.02524057822301984,-0.0014331606216728687,48.0,15.0,5.0,ascat
D30B,2026-02-22,-60.6325,-45.4538,75.0,0.08018016815185547,-2.5075082778930664,0.05039541516453028,0.008125118089083117,96.0,15.0,5.0,ascat
D30B,2026-02-26,-60.6325,-45.4538,75.0,8.268080711364746,-2.544187545776367,0.039404741022735834,0.015541596614639275,96.0,15.0,5.0,ascat
D30B,2026-02-28,-60.6325,-45.4538,75.0,4.51384162902832,-3.434234619140625,0.03526649810373783,0.013168763252906501,48.0,15.0,5.0,ascat
D30B,2026-03-02,-60.6325,-45.4538,75.0,3.5237998962402344,-1.8257484436035156,0.058967845514416695,0.007000611629337072,48.0,15.0,5.0,ascat
D30B,2026-03-04,-60.6325,-45.4538,75.0,6.277809143066406,1.6858692169189453,0.01313248243968701,0.02421890274854377,48.0,15.0,5.0,ascat
D30B,2026-03-08,-60.630300000000005,-45.46285,75.0,-3.1923398971557617,5.144442558288574,-0.03527231507541728,0.0056991671735886484,96.0,15.0,5.0,ascat
D30B,2026-03-10,-60.6281,-45.4719,75.0,6.584537506103516,3.8776473999023438,0.02561528782825917,0.022235464479308575,48.0,15.0,5.0,ascat
D30B,2026-03-12,-60.6418,-45.4444,75.0,6.065128326416016,0.21391868591308594,0.021055562770925462,0.00848046102328226,48.0,15.0,5.0,ascat
D30B,2026-03-14,-60.6561,-45.4952,75.0,6.958395004272461,-3.7587032318115234,0.034891943680122495,0.003212299372535199,48.0,15.0,5.0,ascat
D30B,2026-03-18,-60.6441,-45.4703,75.0,6.063070297241211,-4.0526838302612305,0.017014832003042102,0.0035879068018402904,96.0,15.0,5.0,ascat
D30B,2026-03-20,-60.6099,-45.5387,75.0,-0.5643520355224609,4.158693313598633,-0.06245305761694908,-0.009691344574093819,48.0,15.0,5.0,ascat
D30B,2026-04-17,-60.627399999999994,-45.610600000000005,75.0,8.620706558227539,-10.851463317871094,-0.022593224421143532,-0.0852247029542923,48.0,15.0,5.0,ascat
D30B,2026-04-21,-60.6155,-45.5579,75.0,1.7840652465820312,-3.8912429809570312,-0.013343750964850187,-0.06561805121600628,96.0,15.0,5.0,ascat
D32,2026-01-01,-68.8332,-41.20815,54.0,-0.7641754150390625,6.4730224609375,-0.19581389427185059,0.129306823015213,,9.0,6.0,ascat
D32,2026-01-03,-68.5205,-41.91235,54.0,0.7231922149658203,8.474323272705078,-0.1458302102982998,0.10822232440114021,48.0,9.0,6.0,ascat
D32,2026-01-05,-68.46575,-42.34805,54.0,2.8184146881103516,6.444726943969727,-0.031678179526352324,0.08741244580596685,48.0,9.0,6.0,ascat
D32,2026-01-07,-68.4096,-42.3436,54.0,1.1275062561035156,1.0411548614501953,-0.024185795118683018,0.10263271257281303,48.0,9.0,6.0,ascat
D32,2026-01-09,-68.35,-42.29,54.0,2.6796607971191406,2.5003490447998047,-0.04750116962532047,0.14625377394258976,48.0,9.0,6.0,nic
D32,2026-01-11,-68.1415,-41.7655,54.0,5.146421432495117,2.481616973876953,0.024228144204244018,0.11783778388053179,48.0,9.0,6.0,ascat
D32,2026-01-13,-68.1304,-42.0247,54.0,5.003993988037109,-1.7822551727294922,0.028450717218220234,0.07082422124221921,48.0,9.0,6.0,ascat
D32,2026-01-15,-68.0775,-42.2121,54.0,2.078899383544922,1.0588874816894531,-0.03772697038948536,0.05820538057014346,48.0,9.0,6.0,ascat
D32,2026-01-17,-68.0433,-42.5154,54.0,-0.9921131134033203,2.483734130859375,-0.13832828868180513,0.046410027891397476,48.0,9.0,6.0,ascat
D32,2026-01-19,-67.92685,-43.05185,54.0,1.1805477142333984,9.319669723510742,-0.12306777905905619,0.09666517283767462,48.0,9.0,6.0,ascat
D32,2026-01-21,-67.7791,-43.24785,54.0,4.444606781005859,2.2336578369140625,-0.022453532554209232,0.034925967920571566,48.0,9.0,6.0,ascat
D32,2026-01-23,-67.72380000000001,-43.20075,54.0,-4.7198638916015625,0.73773193359375,-0.06943489518016577,-0.03236883110366762,48.0,9.0,6.0,nic
D32,2026-01-25,-67.727,-43.2816,54.0,-0.4385185241699219,0.8503303527832031,-0.04807667341083288,-0.01655267644673586,48.0,9.0,6.0,ascat
D32,2026-01-27,-67.71090000000001,-43.3752,54.0,-3.043933868408203,-0.4703502655029297,-0.010930801276117563,-0.0084818119648844,48.0,9.0,6.0,ascat
D32,2026-01-29,-67.6854,-43.3787,54.0,1.7365131378173828,-5.899364471435547,0.09194487240165472,0.012188029941171408,48.0,9.0,6.0,ascat
D32,2026-01-31,-67.6671,-43.3875,54.0,4.836950302124023,-1.6249980926513672,0.05000003660097718,0.07692150119692087,48.0,9.0,6.0,ascat
D32,2026-02-02,-67.5598,-43.3974,54.0,7.251899719238281,0.9404735565185547,0.00524214532924816,0.08250509109348059,48.0,9.0,6.0,ascat
D32,2026-02-04,-67.4525,-43.4264,54.0,4.810525894165039,2.6227989196777344,-0.022813087794929743,0.05368676013313234,48.0,9.0,6.0,ascat
D32,2026-02-06,-67.36160000000001,-43.6008,54.0,1.0839309692382812,2.734464645385742,-0.045784931629896164,0.04639694280922413,48.0,9.0,6.0,ascat
D32,2026-02-08,-67.33085,-43.83065,54.0,1.34503173828125,3.517679214477539,-0.0761493993923068,0.03098648344166577,48.0,9.0,6.0,ascat
D32,2026-02-10,-67.2186,-44.1802,54.0,2.4276084899902344,6.810331344604492,-0.08193964418023825,0.10393572598695755,48.0,9.0,6.0,ascat
D32,2026-02-12,-67.14595,-44.31995,54.0,5.951528549194336,3.3366146087646484,-0.026491230120882392,0.110919289290905,48.0,9.0,6.0,ascat
D32,2026-02-14,-67.10624999999999,-44.68515,54.0,2.8490772247314453,5.914154052734375,-0.07025707978755236,0.10555325075984001,48.0,9.0,6.0,ascat
D32,2026-02-16,-67.0333,-44.789950000000005,54.0,4.483577728271484,-0.5121726989746094,0.03213412640616298,0.05071479547768831,48.0,9.0,6.0,ascat
D32,2026-02-18,-66.9841,-45.1226,54.0,3.0313453674316406,-0.3410778045654297,-0.03958137705922127,0.04807706529390998,48.0,9.0,6.0,ascat
D32,2026-02-24,-66.85329999999999,-45.63205,54.0,1.0866432189941406,-1.5377635955810547,0.006525127527614434,0.03742347395260973,144.0,9.0,6.0,ascat
D32,2026-02-26,-66.8,-45.65,54.0,2.121368408203125,2.2701263427734375,-0.0017399769567418844,0.029065029695630074,48.0,9.0,6.0,nic
D32,2026-02-28,-66.7687,-45.8297,54.0,0.5408191680908203,-6.353668212890625,0.07153536658734083,0.01564212905941531,48.0,9.0,6.0,ascat
D32,2026-03-02,-66.7892,-45.9921,54.0,-0.3241004943847656,-0.22967910766601562,-0.02260233066044748,-0.008085030131042004,48.0,9.0,6.0,ascat
D32,2026-03-04,-66.7439,-45.9851,54.0,-2.3303451538085938,2.5993213653564453,-0.029395148856565356,0.051751318387687206,48.0,9.0,6.0,ascat
D32,2026-03-06,-66.723,-46.042,54.0,2.208047866821289,-1.6027545928955078,-0.005891862325370312,0.021205874625593424,48.0,9.0,6.0,ascat
D32,2026-03-08,-66.676,-46.112049999999996,54.0,2.4258785247802734,4.7216949462890625,-0.041304127778857946,0.081632268615067,48.0,9.0,6.0,ascat
D32,2026-03-10,-66.6399,-46.255,54.0,2.1452064514160156,4.666221618652344,-0.019888385839294642,0.06868927599862218,48.0,9.0,6.0,ascat
D32,2026-03-12,-66.6179,-46.2963,54.0,2.8513832092285156,-0.21662330627441406,0.03269060148159042,0.05030841287225485,48.0,9.0,6.0,ascat
D32,2026-03-14,-66.58975000000001,-46.3298,54.0,3.718648910522461,-3.4642696380615234,0.050632959231734276,0.042827471159398556,48.0,9.0,6.0,ascat
D32,2026-03-16,-66.5197,-46.3607,54.0,3.8404159545898438,-3.637706756591797,0.012744613137328997,0.0439411043189466,48.0,9.0,6.0,ascat
D32,2026-03-18,-66.5058,-46.3599,54.0,-0.25635528564453125,-0.5515537261962891,-0.051853234064765275,0.04110380681231618,48.0,9.0,6.0,ascat
D32,2026-03-20,-66.36425,-46.55995,54.0,3.882425308227539,3.410646438598633,-0.02888857340440154,0.07365219900384545,48.0,9.0,6.0,ascat
D32,2026-03-22,-66.3085,-46.5562,54.0,5.319995164871216,-4.845666885375977,0.05891724582761526,0.05862435977905989,48.0,9.0,6.0,ascat
D32,2026-03-24,-66.2407,-46.3788,54.0,1.1059608459472656,-1.5720176696777344,0.0003701159730553627,0.0036142910830676556,48.0,9.0,6.0,ascat
D32,2026-03-26,-66.25,-46.3,54.0,-0.44053077697753906,-6.406862258911133,0.02817267505452037,-0.003941626287996769,48.0,9.0,6.0,nic
D32,2026-03-30,-66.0218,-46.7084,54.0,2.96114444732666,2.931581497192383,-0.042066825641086325,0.0770173911441816,96.0,9.0,6.0,ascat
D32,2026-04-01,-66.1098,-46.7819,54.0,-2.5250110626220703,-5.158439636230469,-0.018912990868557245,-0.04938149795634672,48.0,9.0,6.0,ascat
D32,2026-04-03,-66.1906,-46.9507,54.0,-10.1470947265625,-0.4102935791015625,-0.10473907459527254,-0.06228154618293047,48.0,9.0,6.0,ascat
D32,2026-04-09,-66.37165,-47.7226,54.0,-5.3126176198323565,-0.6481335957845052,-0.04859518127826353,-0.022301904789249722,144.0,9.0,6.0,ascat
D32,2026-04-11,-66.34245,-47.95255,54.0,-4.759162902832031,0.7172966003417969,-0.03790455881971866,-0.006940103368833661,48.0,9.0,6.0,ascat
D32,2026-04-17,-66.4418,-47.5995,54.0,0.7067883809407552,-3.8228028615315757,0.026660058763809502,0.0077185939298942685,144.0,9.0,6.0,nic
D32,2026-04-19,-66.35235,-47.56925,54.0,3.739847183227539,-2.153564453125,0.016221371479332447,0.04001397010870278,48.0,9.0,6.0,ascat
D32,2026-04-21,-66.36345,-47.549499999999995,54.0,1.6208438873291016,-1.743478775024414,-0.015780754387378693,0.0381998133379966,48.0,9.0,6.0,ascat
D33A,2026-01-01,-65.62,-57.55,340.0,-2.9331207275390625,-1.6265869140625,-0.008915594778954983,-0.0010625685099512339,,34.0,10.0,nic
D33A,2026-01-03,-65.5552,-57.628,340.0,0.5724353790283203,1.7270088195800781,-0.010673217446310446,0.0021383040002547204,48.0,34.0,10.0,ascat
D33A,2026-01-05,-65.6418,-57.6649,340.0,-3.5672054290771484,-2.1385250091552734,-0.004991613503079861,-0.0063502948032692075,48.0,34.0,10.0,ascat
D33A,2026-01-09,-65.64590000000001,-57.632450000000006,340.0,-0.2680206298828125,0.624903678894043,-0.011599084129557014,0.008972965821158141,96.0,34.0,10.0,nic
D33A,2026-01-11,-65.6468,-57.6842,340.0,-0.07171821594238281,-2.379589080810547,0.018863756558857858,0.02115029119886458,48.0,34.0,10.0,ascat
D33A,2026-01-13,-65.6845,-57.7121,340.0,0.5628318786621094,1.2057819366455078,-0.017581085907295346,0.047051244182512164,48.0,34.0,10.0,ascat
D33A,2026-01-15,-65.6845,-57.7121,340.0,-0.5668525695800781,0.8959236145019531,-0.011277454439550638,-0.00772665994009003,48.0,34.0,10.0,ascat
D33A,2026-01-17,-65.653,-57.7041,340.0,0.6906261444091797,3.652923583984375,-0.054746279725804925,0.08460035879397765,48.0,34.0,10.0,ascat
D33A,2026-01-19,-65.64635000000001,-57.77995,340.0,0.7675838470458984,2.746305465698242,-0.012476660776883364,0.011017500935849966,48.0,34.0,10.0,ascat
D33A,2026-01-23,-65.5214,-57.8017,340.0,0.9761438369750977,2.3315916061401367,-0.014942775160307065,0.07080167231652013,96.0,34.0,10.0,ascat
D33A,2026-01-25,-65.4685,-57.8322,340.0,-0.5348320007324219,-1.6690788269042969,0.006317018531262875,0.00644781906157732,48.0,34.0,10.0,ascat
D33A,2026-01-27,-65.4756,-57.8712,340.0,0.3072624206542969,-1.5135631561279297,0.045656119007617235,-0.00897167343646288,48.0,34.0,10.0,ascat
D33A,2026-01-29,-65.4992,-57.8133,340.0,3.485170364379883,-4.778759002685547,0.07045737281441689,0.026580187492072582,48.0,34.0,10.0,ascat
D33A,2026-01-31,-65.4216,-57.7203,340.0,4.073156356811523,-3.764036178588867,0.04891265369951725,0.0742354141548276,48.0,34.0,10.0,ascat
D33A,2026-02-02,-65.43385,-57.7669,340.0,4.930122375488281,1.2095165252685547,0.01290156738832593,0.06173407210735604,48.0,34.0,10.0,ascat
D33A,2026-02-04,-65.4461,-57.8135,340.0,1.806131362915039,1.1321983337402344,0.013622112906887196,0.03275930689414963,48.0,34.0,10.0,ascat
D33A,2026-02-06,-65.54375,-57.96085,340.0,-1.4076461791992188,-0.09866523742675781,0.0011600166617427021,-0.020551947760395706,48.0,34.0,10.0,ascat
D33A,2026-02-08,-65.6025,-58.015,340.0,-3.58966064453125,-2.918111801147461,-0.02236757444916293,-0.06218601041473448,48.0,34.0,10.0,ascat
D33A,2026-02-10,-65.6025,-58.015,340.0,-2.2629432678222656,1.7499065399169922,-0.026087336242198944,0.026851705042645335,48.0,34.0,10.0,ascat
D33A,2026-02-12,-65.60625,-58.0125,340.0,0.6169338226318359,3.0092220306396484,-0.00025483802892267704,0.012516107046394609,48.0,34.0,10.0,ascat
D33A,2026-02-14,-65.60885,-58.005449999999996,340.0,0.8335742950439453,-0.613555908203125,0.02416650392115116,-0.021163285156944767,48.0,34.0,10.0,ascat
D33A,2026-02-16,-65.6566,-57.9332,340.0,0.4496421813964844,-3.3520164489746094,0.049780639237724245,0.020844103768467903,48.0,34.0,10.0,ascat
D33A,2026-02-18,-65.64,-57.97,340.0,-0.5209007263183594,-0.1512584686279297,-0.007709263474680483,0.00567417022830341,48.0,34.0,10.0,nic
D33A,2026-02-20,-65.6947,-57.9567,340.0,-2.5921974182128906,-1.3228912353515625,0.014555277011822909,-0.03556371555896476,48.0,34.0,10.0,ascat
D33A,2026-02-26,-65.7002,-58.0784,340.0,-1.2026837666829426,-3.389703114827474,0.02281161442321415,-0.02128615719266236,144.0,34.0,10.0,ascat
D33A,2026-02-28,-65.6177,-57.8704,340.0,2.0201892852783203,-0.255645751953125,-0.007993884231837,0.08138335263356566,48.0,34.0,10.0,ascat
D33A,2026-03-02,-65.6177,-57.8704,340.0,-2.4737586975097656,-1.1640052795410156,0.00684405310312286,0.044527600781293586,48.0,34.0,10.0,ascat
D33A,2026-03-04,-65.5711,-57.8695,340.0,2.9249038696289062,2.2973194122314453,0.01761538698337972,0.05651124473661184,48.0,34.0,10.0,ascat
D33A,2026-03-06,-65.6,-57.91,340.0,-0.7290859222412109,-0.2466754913330078,0.011307789944112301,0.03541510133072734,48.0,34.0,10.0,nic
D33A,2026-03-08,-65.5124,-57.8776,340.0,1.2381343841552734,1.7321929931640625,0.018418702762573957,-0.0008729859255254269,48.0,34.0,10.0,ascat
D33A,2026-03-10,-65.5124,-57.8776,340.0,1.1266517639160156,0.8926620483398438,0.004081300459802151,0.006768092513084412,48.0,34.0,10.0,ascat
D33A,2026-03-12,-65.58,-57.84,340.0,-0.17889022827148438,-4.227121353149414,0.06510490691289306,-0.02041474264115095,48.0,34.0,10.0,nic
D33A,2026-03-16,-65.5833,-57.8293,340.0,2.266704559326172,-3.987978935241699,0.03544729412533343,0.015051089809276164,96.0,34.0,10.0,ascat
D33A,2026-03-20,-65.6314,-57.6815,340.0,-0.9537696838378906,-0.4149026870727539,-0.007226009762234753,0.0062306824256666005,96.0,34.0,10.0,nic
D33A,2026-03-24,-65.6328,-57.663,340.0,0.8960672616958618,-2.7875585556030273,0.034750317223370075,-0.001546959625557065,96.0,34.0,10.0,ascat
D33A,2026-03-26,-65.64,-57.62,340.0,0.37660789489746094,-0.6301288604736328,-0.026873372495174408,0.08028323948383331,48.0,34.0,10.0,nic
D33A,2026-03-28,-65.3349,-57.48665,340.0,4.326269149780273,4.829622268676758,-0.030626483785454184,0.07391046472184826,48.0,34.0,10.0,ascat
D33A,2026-03-30,-65.31524999999999,-57.7125,340.0,-3.324066162109375,-2.8246326446533203,0.012019298417726532,-0.027688458940247074,48.0,34.0,10.0,ascat
D33A,2026-04-03,-65.2033,-57.8274,340.0,-1.7536640167236328,3.9819211959838867,-0.00967621200834401,0.04739474691450596,96.0,34.0,10.0,ascat
D33A,2026-04-05,-65.33215,-57.92185,340.0,-1.8109798431396484,-1.5050220489501953,0.01849451824091375,-0.0035776388831436634,48.0,34.0,10.0,ascat
D33A,2026-04-07,-65.3463,-57.9638,340.0,-0.126617431640625,-1.001913070678711,0.025194895919412374,0.042633513920009136,48.0,34.0,10.0,ascat
D33A,2026-04-09,-65.2685,-57.9417,340.0,4.96330451965332,4.411035537719727,0.03006581892259419,0.10704530362272635,48.0,34.0,10.0,ascat
D33A,2026-04-13,-65.1621,-57.9991,340.0,-3.9141054153442383,-2.4211549758911133,0.027409389207605273,0.004074537806445733,96.0,34.0,10.0,ascat
D33A,2026-04-15,-65.1084,-57.8192,340.0,-2.9133548736572266,-1.1778144836425781,0.0243706030305475,0.06550368247553706,48.0,34.0,10.0,ascat
D33A,2026-04-17,-65.1084,-57.8192,340.0,0.47507667541503906,-0.38320159912109375,0.0432564583607018,0.03652862785384059,48.0,34.0,10.0,ascat
D33A,2026-04-19,-65.09270000000001,-57.760149999999996,340.0,-0.20424461364746094,-3.3734130859375,0.04546217154711485,0.019078393233940005,48.0,34.0,10.0,ascat
D33A,2026-04-21,-65.08225,-57.7208,340.0,-1.5841121673583984,-1.459665298461914,0.024725900264456868,0.022762983746360987,48.0,34.0,10.0,ascat
D33B,2026-01-01,-69.39304999999999,-51.8537,252.0,-1.3579254150390625,0.1165771484375,-0.05231744423508644,0.05991773679852486,,21.0,12.0,ascat
D33B,2026-01-05,-69.27765,-52.03845,252.0,1.0427379608154297,1.9716157913208008,-0.03316012243158184,0.08254476962611079,96.0,21.0,12.0,ascat
D33B,2026-01-07,-69.15755,-52.08815,252.0,2.0430335998535156,4.706071853637695,-0.015677923220209777,0.14480104763060808,48.0,21.0,12.0,ascat
D33B,2026-01-09,-69.01595,-51.83775,252.0,4.057102203369141,4.798200607299805,0.01922570657916367,0.12170582264661789,48.0,21.0,12.0,nic
D33B,2026-01-11,-68.949,-51.5537,252.0,4.658506393432617,-2.191844940185547,0.08009314723312855,0.0720033310353756,48.0,21.0,12.0,ascat
D33B,2026-01-13,-68.9583,-51.4313,252.0,3.8437156677246094,-1.7811565399169922,0.01721328217536211,0.06204327987506986,48.0,21.0,12.0,ascat
D33B,2026-01-15,-68.84219999999999,-51.337,252.0,0.6268730163574219,0.7104988098144531,-0.01892817998304963,0.028355585178360343,48.0,21.0,12.0,ascat
D33B,2026-01-17,-68.78225,-51.3993,252.0,-0.6204090118408203,2.041473388671875,-0.1129379915073514,0.05518446885980666,48.0,21.0,12.0,ascat
D33B,2026-01-19,-68.6361,-51.4484,252.0,2.2105770111083984,4.655973434448242,-0.055393262999132276,0.07283959072083235,48.0,21.0,12.0,ascat
D33B,2026-01-21,-68.62695,-51.8557,252.0,-1.0068092346191406,-0.4816741943359375,-0.06096557516139001,-0.014860452502034605,48.0,21.0,12.0,ascat
D33B,2026-01-23,-68.56360000000001,-52.18115,252.0,-5.8288726806640625,3.80780029296875,-0.08845435045077465,-0.035866671008989215,48.0,21.0,12.0,ascat
D33B,2026-01-25,-68.6514,-52.2432,252.0,-2.578899383544922,-2.613170623779297,-0.0088217307056766,-0.05858883517794311,48.0,21.0,12.0,ascat
D33B,2026-01-27,-68.7168,-52.1306,252.0,-3.914783477783203,-2.4074840545654297,0.042675876058638096,-0.05372777674347162,48.0,21.0,12.0,ascat
D33B,2026-01-29,-68.81899999999999,-51.929649999999995,252.0,0.5790424346923828,-5.380321502685547,0.07837152946740389,-0.005679645684722345,48.0,21.0,12.0,ascat
D33B,2026-01-31,-68.7764,-51.6673,252.0,5.303625106811523,-2.415281295776367,0.04848952137399465,0.09193360153585672,48.0,21.0,12.0,ascat
D33B,2026-02-02,-68.5567,-51.6094,252.0,6.589057922363281,3.8976268768310547,-0.05806911445688456,0.11064111813902855,48.0,21.0,12.0,ascat
D33B,2026-02-04,-68.3226,-51.70975,252.0,2.495340347290039,5.161251068115234,-0.06058679521083832,0.0633960454724729,48.0,21.0,12.0,ascat
D33B,2026-02-06,-68.21955,-51.76245,252.0,2.3726272583007812,5.716520309448242,-0.02948421088512987,0.05198671901598573,48.0,21.0,12.0,ascat
D33B,2026-02-08,-68.13305,-51.791,252.0,1.64447021484375,1.358499526977539,-0.027008713805116713,0.01261534495279193,48.0,21.0,12.0,ascat
D33B,2026-02-10,-68.14855,-52.1495,252.0,1.6193809509277344,4.853300094604492,-0.0977349104359746,0.08013884257525206,48.0,21.0,12.0,ascat
D33B,2026-02-12,-68.00875,-52.435950000000005,252.0,2.778066635131836,7.474187850952148,-0.06402324791997671,0.10228886641561985,48.0,21.0,12.0,ascat
D33B,2026-02-14,-67.9428,-52.4675,252.0,2.2742481231689453,4.146942138671875,-0.0200773561373353,0.04403882334008813,48.0,21.0,12.0,ascat
D33B,2026-02-16,-67.9025,-52.417,252.0,3.1520347595214844,-4.433437347412109,0.03472509793937206,0.015808410476893187,48.0,21.0,12.0,ascat
D33B,2026-02-18,-67.9025,-52.417,252.0,-0.7101097106933594,1.6130237579345703,-0.034374734153971076,0.004846665542572737,48.0,21.0,12.0,ascat
D33B,2026-02-20,-67.9025,-52.417,252.0,-2.2339210510253906,-4.4511871337890625,0.005653793690726161,-0.031114553101360798,48.0,21.0,12.0,ascat
D33B,2026-02-24,-67.9048,-52.6518,252.0,0.9035139083862305,-1.4286222457885742,0.015108243576833047,0.028385731857270002,96.0,21.0,12.0,ascat
D33B,2026-02-26,-67.88,-52.44,252.0,0.055572509765625,-0.7600250244140625,0.018721313681453466,-0.0031130851712077856,48.0,21.0,12.0,nic
D33B,2026-02-28,-67.8592,-52.6009,252.0,-1.1673107147216797,-1.451690673828125,-0.012261441326700151,0.024627471109852195,48.0,21.0,12.0,ascat
D33B,2026-03-02,-67.821,-52.6414,252.0,-0.6252479553222656,0.5562095642089844,-0.024988535820739344,-0.00329947576392442,48.0,21.0,12.0,ascat
D33B,2026-03-06,-67.71,-52.45,252.0,-0.2492380142211914,-0.830866813659668,-0.006796813569962978,0.02265449364494998,96.0,21.0,12.0,nic
D33B,2026-03-08,-67.7546,-52.6073,252.0,2.3836421966552734,2.8866119384765625,0.008434387855231762,0.04044603400689084,48.0,21.0,12.0,ascat
D33B,2026-03-12,-67.6785,-52.6655,252.0,1.2015504837036133,-1.959303855895996,0.020087150391191244,0.01991359858220676,96.0,21.0,12.0,ascat
D33B,2026-03-16,-67.5447,-52.4837,252.0,3.209758758544922,-2.947451591491699,0.022726078081177548,0.02772325329715386,96.0,21.0,12.0,ascat
D33B,2026-03-20,-67.38,-52.33,252.0,1.3929100036621094,0.5843648910522461,-0.023484330769861117,0.03063488435873296,96.0,21.0,12.0,nic
D33B,2026-03-22,-67.391,-52.3654,252.0,2.961962938308716,-3.1393680572509766,0.018089001532644033,0.04279217100702226,48.0,21.0,12.0,ascat
D33B,2026-03-26,-67.34,-52.14,252.0,-1.6042203903198242,-2.1010866165161133,-0.0072862278611864895,-0.008346315822564065,96.0,21.0,12.0,nic
D33B,2026-04-05,-67.0764,-52.9952,252.0,-2.1865901947021484,-2.8187427520751953,0.002709022519411519,-0.0043983409414067864,48.0,21.0,12.0,ascat
D33B,2026-04-09,-67.26920000000001,-53.62325,252.0,-6.320317268371582,-1.8088397979736328,-0.04372387610783335,-0.05104691756423563,96.0,21.0,12.0,ascat
D33B,2026-04-11,-67.2342,-53.59825,252.0,-4.744148254394531,-0.3897590637207031,-0.021208337042480707,-0.01908129232469946,48.0,21.0,12.0,ascat
D33B,2026-04-13,-67.3204,-53.681,252.0,-3.6901016235351562,-6.179141998291016,0.023039410589262843,-0.05949043338478077,48.0,21.0,12.0,ascat
D33B,2026-04-15,-67.3204,-53.681,252.0,1.5801753997802734,-1.6866035461425781,0.003610550658777356,0.045928651044960134,48.0,21.0,12.0,ascat
D33B,2026-04-17,-67.1748,-53.7284,252.0,0.05307960510253906,0.7221450805664062,-0.006847379729151726,0.02649845147971064,48.0,21.0,12.0,ascat
D33B,2026-04-19,-67.1098,-53.7144,252.0,2.334573745727539,-2.97412109375,0.016407522896770388,0.020438202191144228,48.0,21.0,12.0,ascat
D33B,2026-04-21,-66.986,-53.7309,252.0,1.0158634185791016,-0.36738014221191406,-0.008704355685040355,0.01566598704084754,48.0,21.0,12.0,ascat
D33C,2026-01-01,-65.91,-58.34,105.0,-2.6010894775390625,0.6380615234375,0.008141466416418552,0.010236280970275402,,15.0,7.0,nic
D33C,2026-01-05,-65.9383,-58.4002,105.0,-1.3903675079345703,-0.10840129852294922,0.009069554915186018,0.006437459851440508,96.0,15.0,7.0,ascat
D33C,2026-01-07,-65.9383,-58.4002,105.0,-0.7802085876464844,2.0142993927001953,-0.0011961986310780048,0.017329635098576546,48.0,15.0,7.0,ascat
D33C,2026-01-09,-65.98955000000001,-58.46145,105.0,0.17099380493164062,-1.6656665802001953,0.015383917954750359,0.0057672105031087995,48.0,15.0,7.0,ascat
D33C,2026-01-15,-66.03,-58.36,105.0,0.22656822204589844,-0.5573279062906901,0.0042365324043203145,0.01979310220728318,144.0,15.0,7.0,nic
D33C,2026-01-29,-65.9,-58.5,105.0,0.389251708984375,-2.2915445963541665,0.03462382371071726,0.01444362166027228,144.0,15.0,7.0,nic
D33C,2026-02-04,-65.9137,-58.3147,105.0,4.043927510579427,-0.5157941182454427,0.027703018703808386,0.06304703233763576,144.0,15.0,7.0,ascat
D33C,2026-02-06,-65.9564,-58.45,105.0,-1.1600875854492188,-0.9803791046142578,0.006847161566838622,-0.01518790447153151,48.0,15.0,7.0,ascat
D33C,2026-02-08,-66.0044,-58.52725,105.0,-3.71356201171875,-3.084127426147461,-0.009394748485647142,-0.05830486095510423,48.0,15.0,7.0,ascat
D33C,2026-02-10,-65.95904999999999,-58.64565,105.0,-3.5112342834472656,1.9759807586669922,-0.012720424041617662,0.027289269492030144,48.0,15.0,7.0,ascat
D33C,2026-02-12,-65.95165,-58.615849999999995,105.0,1.312368392944336,2.3550472259521484,0.012992050556931645,0.017267470189835876,48.0,15.0,7.0,ascat
D33C,2026-02-14,-65.94755,-58.53555,105.0,1.0531787872314453,-0.765167236328125,0.03719480661675334,-0.012667936040088534,48.0,15.0,7.0,ascat
D33C,2026-02-18,-66.0042,-58.619,105.0,1.0817804336547852,-1.5737180709838867,0.013560470193624496,0.004592330195009708,96.0,15.0,7.0,ascat
D33C,2026-02-20,-66.01155,-58.562200000000004,105.0,-2.5046730041503906,-1.6540679931640625,0.015805049799382687,-0.024697888176888227,48.0,15.0,7.0,ascat
D33C,2026-02-22,-66.0189,-58.5054,105.0,-1.4934234619140625,-4.486812591552734,0.055081430822610855,-0.022651004837825894,48.0,15.0,7.0,ascat
D33C,2026-02-24,-66.0347,-58.6141,105.0,1.894033432006836,-0.5442962646484375,-0.01710572506999597,0.020698809530586004,48.0,15.0,7.0,ascat
D33C,2026-02-26,-66.0566,-58.6443,105.0,-3.062225341796875,-2.9602203369140625,0.020511896640527993,-0.04091530619189143,48.0,15.0,7.0,ascat
D33C,2026-02-28,-65.9956,-58.572,105.0,1.5442371368408203,0.233367919921875,-0.011723284143954515,0.08506975695490837,48.0,15.0,7.0,ascat
D33C,2026-03-02,-65.95015,-58.5112,105.0,-2.0694618225097656,-1.1259193420410156,0.0130902414675802,0.05474863760173321,48.0,15.0,7.0,ascat
D33C,2026-03-04,-65.9077,-58.4053,105.0,2.9604263305664062,2.6972217559814453,0.02076530223712325,0.06232861429452896,48.0,15.0,7.0,ascat
D33C,2026-03-06,-65.8961,-58.4732,105.0,-0.8328456878662109,-0.11459541320800781,0.005282034748233855,0.03793672565370798,48.0,15.0,7.0,ascat
D33C,2026-03-08,-65.8961,-58.4732,105.0,1.3373775482177734,1.5063629150390625,0.023301121778786182,0.006000084802508354,48.0,15.0,7.0,ascat
D33C,2026-03-10,-65.8991,-58.4183,105.0,1.5538978576660156,1.1482772827148438,-0.0021968986839056015,0.0131556186825037,48.0,15.0,7.0,ascat
D33C,2026-03-12,-65.9339,-58.2935,105.0,-0.12627792358398438,-4.337961196899414,0.0685607511550188,-0.01198186818510294,48.0,15.0,7.0,ascat
D33C,2026-03-14,-65.9489,-58.1573,105.0,2.381368637084961,-5.479406356811523,0.05441335798241198,0.03794215829111636,48.0,15.0,7.0,ascat
D33C,2026-03-16,-65.9489,-58.1573,105.0,1.0164413452148438,-2.276134490966797,0.012981807114556432,0.00034977076575160027,48.0,15.0,7.0,ascat
D33C,2026-03-18,-65.9489,-58.1573,105.0,-0.8183670043945312,-1.371255874633789,-0.019375675823539495,0.01995059195905924,48.0,15.0,7.0,ascat
D33C,2026-03-20,-66.0112,-58.071749999999994,105.0,-1.035055160522461,-0.7239971160888672,0.01176172902341932,-0.004288210882805288,48.0,15.0,7.0,ascat
D33C,2026-03-22,-66.0028,-57.8786,105.0,4.057543992996216,-3.2383670806884766,0.05596167535986751,0.04139403172302991,48.0,15.0,7.0,ascat
D33C,2026-03-24,-65.99775,-57.8791,105.0,-0.3778038024902344,-3.3215293884277344,0.013245878275483847,-0.031080592423677444,48.0,15.0,7.0,ascat
D33C,2026-03-26,-66.04,-57.95,105.0,-0.28928565979003906,-0.03491401672363281,-0.04353774152696133,0.07207418791949749,48.0,15.0,7.0,nic
D33C,2026-03-30,-65.5218,-57.5423,105.0,-0.025488853454589844,1.3543720245361328,-0.01576514666521689,0.019118049342068844,96.0,15.0,7.0,ascat
D33C,2026-04-01,-65.4675,-57.5133,105.0,-2.2214221954345703,0.8220291137695312,-0.024473635363392532,0.03166998515371233,48.0,15.0,7.0,ascat
D33C,2026-04-03,-65.7531,-58.1364,105.0,-4.1378173828125,7.2750091552734375,-0.036048127454705536,0.04601766384439543,48.0,15.0,7.0,ascat
D33C,2026-04-07,-65.7531,-58.1364,105.0,-1.7692575454711914,-2.7890758514404297,0.009300709614763036,0.012202250072732568,96.0,15.0,7.0,ascat
D33C,2026-04-09,-65.75355,-58.206450000000004,105.0,1.1202869415283203,2.9283695220947266,0.003956798056606203,0.09042358491569757,48.0,15.0,7.0,ascat
D33C,2026-04-11,-65.754,-58.2765,105.0,-4.132698059082031,-1.3580207824707031,0.005507028734427877,-0.02113006275612861,48.0,15.0,7.0,ascat
D33C,2026-04-13,-65.7129,-58.4098,105.0,-3.7403945922851562,-3.8997230529785156,0.02498705475591123,0.029487041756510735,48.0,15.0,7.0,ascat
D33C,2026-04-15,-65.7129,-58.4098,105.0,-3.3508548736572266,0.4226493835449219,0.016922846902161837,0.06960421428084373,48.0,15.0,7.0,ascat
D33C,2026-04-17,-65.64535000000001,-58.2077,105.0,0.03306007385253906,0.30344390869140625,0.017418694507796317,0.04786262032575905,48.0,15.0,7.0,nic
D33C,2026-04-19,-65.62414999999999,-58.187749999999994,105.0,-0.19985008239746094,-2.9591064453125,0.020587526727467775,0.026008828077465296,48.0,15.0,7.0,ascat
D33C,2026-04-21,-65.6158,-58.2003,105.0,-1.4788875579833984,-0.6377658843994141,0.0072941044345498085,0.029948778508696705,48.0,15.0,7.0,ascat
D33C,2026-04-23,-65.5184,-58.1074,105.0,-5.20526123046875,-4.248394012451172,0.004349470138549805,0.06968430994311348,48.0,15.0,7.0,ascat
D33C,2026-04-25,-65.4125,-58.028,105.0,3.7030200958251953,3.9614524841308594,0.04490936594083905,0.15514560788869858,48.0,15.0,7.0,ascat
D33C,2026-04-27,-65.3776,-57.98925,105.0,1.9792976379394531,2.1611671447753906,0.01876420108601451,0.04216876276768744,48.0,15.0,7.0,ascat
D33C,2026-04-29,-65.2851,-57.9168,105.0,1.7789459228515625,0.6724567413330078,0.05364281078800559,0.11200853332411498,48.0,15.0,7.0,ascat
D34,2026-01-01,-67.17,82.04,88.0,-2.7778472900390625,1.7308349609375,-0.013105413876473904,-0.017168376594781876,,11.0,8.0,nic
D34,2026-01-03,-67.1115,81.9267,88.0,-3.2050304412841797,0.6436347961425781,-0.026982994051650167,-0.03266024775803089,48.0,11.0,8.0,ascat
D34,2026-01-07,-67.1115,81.9267,88.0,-5.313871383666992,-0.1442422866821289,-0.016096933570224792,-0.04393428983166814,96.0,11.0,8.0,ascat
D34,2026-01-09,-67.1115,81.9267,88.0,-12.49843978881836,-2.3661060333251953,0.023348872549831867,-0.03273164667189121,48.0,11.0,8.0,ascat
D34,2026-01-11,-67.1115,81.9267,88.0,-12.491151809692383,-2.713817596435547,0.00574535084888339,-0.05686150025576353,48.0,11.0,8.0,ascat
D34,2026-01-13,-67.1115,81.9267,88.0,-10.42300796508789,-1.8579387664794922,-0.02443464659154415,-0.05583583377301693,48.0,11.0,8.0,ascat
D34,2026-01-15,-67.17,82.04,88.0,-7.115924835205078,-0.015697479248046875,-0.024930328829213977,-0.08070654794573784,48.0,11.0,8.0,nic
D34,2026-01-17,-67.1115,81.9267,88.0,-5.40934944152832,0.102386474609375,-0.006694922863971442,-0.05257851490750909,48.0,11.0,8.0,ascat
D34,2026-01-19,-67.1115,81.9267,88.0,-2.9006290435791016,0.6611003875732422,-0.013564237800892442,-0.04497900465503335,48.0,11.0,8.0,ascat
D34,2026-01-21,-67.1115,81.9267,88.0,-4.630832672119141,0.6567535400390625,-0.007893754111137241,-0.04256283619906753,48.0,11.0,8.0,ascat
D34,2026-01-23,-67.1115,81.9267,88.0,1.0175628662109375,1.81915283203125,0.007296545896679163,0.04613215534482151,48.0,11.0,8.0,ascat
D34,2026-01-27,-67.1115,81.9267,88.0,-1.1554155349731445,-0.7113609313964844,0.015023498330265284,-0.007440610323101282,96.0,11.0,8.0,ascat
D34,2026-01-29,-67.17,82.04,88.0,0.5775775909423828,-0.21430587768554688,0.010652035474777222,0.011048697866499424,48.0,11.0,8.0,nic
D34,2026-01-31,-67.1115,81.9267,88.0,-3.3960819244384766,-2.173215866088867,-0.03363236994482577,-0.05241348501294851,48.0,11.0,8.0,ascat
D34,2026-02-02,-67.1115,81.9267,88.0,-1.4210739135742188,2.0857372283935547,-0.004297411302104592,-0.011452802456915379,48.0,11.0,8.0,ascat
D34,2026-02-04,-67.1115,81.9267,88.0,-4.856100082397461,-0.15942764282226562,-0.014162452542223036,-0.07812270522117615,48.0,11.0,8.0,ascat
D34,2026-02-06,-67.1115,81.9267,88.0,-10.184135437011719,-2.939851760864258,-0.003925006988652058,-0.08442108891904354,48.0,11.0,8.0,ascat
D34,2026-02-08,-67.1115,81.9267,88.0,-10.92449951171875,-1.617818832397461,-0.018593948567286134,-0.05298745911568403,48.0,11.0,8.0,ascat
D34,2026-02-10,-67.1115,81.9267,88.0,-4.881717681884766,0.4026165008544922,-0.026394298765808344,-0.05193714518100023,48.0,11.0,8.0,ascat
D34,2026-02-12,-67.1115,81.9267,88.0,-15.965585708618164,-2.0139713287353516,-0.014433430507779121,-0.037927215453237295,48.0,11.0,8.0,ascat
D34,2026-02-18,-67.16,82.04,88.0,-4.788330713907878,-0.5546080271402994,-0.03661141265183687,-0.07145644025877118,144.0,11.0,8.0,nic
D34,2026-02-20,-67.1115,81.9267,88.0,-1.5912208557128906,1.8111419677734375,-0.042943619191646576,-0.024611674016341567,48.0,11.0,8.0,ascat
D34,2026-02-22,-67.1115,81.9267,88.0,2.7856292724609375,1.1229286193847656,0.005060834810137749,-0.019217694411054254,48.0,11.0,8.0,ascat
D34,2026-02-26,-67.13575,81.98335,88.0,-4.782578468322754,-0.6439800262451172,-0.026968724734615535,-0.03281949274241924,96.0,11.0,8.0,nic
D34,2026-03-02,-67.1115,81.9267,88.0,0.1158437728881836,2.1693124771118164,-0.02688152971677482,-0.019928633701056242,96.0,11.0,8.0,ascat
D34,2026-03-04,-67.1115,81.9267,88.0,1.1504898071289062,1.6864795684814453,0.000863029039464891,-0.02478765696287155,48.0,11.0,8.0,ascat
D34,2026-03-06,-67.13575,81.98835,88.0,1.379678726196289,3.186307907104492,-0.015509173274040222,-0.009013732429593801,48.0,11.0,8.0,nic
D34,2026-03-08,-67.1115,81.9267,88.0,-2.8161869049072266,0.6307525634765625,-0.03488585143350065,-0.05837256112135947,48.0,11.0,8.0,ascat
D34,2026-03-10,-67.1115,81.9267,88.0,-7.188411712646484,-0.28946685791015625,-0.011636165902018547,-0.04436180950142443,48.0,11.0,8.0,ascat
D34,2026-03-12,-67.16,82.05,88.0,-14.763362884521484,-2.963083267211914,-0.05572732980363071,-0.06543100369162858,48.0,11.0,8.0,nic
D34,2026-03-18,-67.1115,81.9267,88.0,-5.911945978800456,-0.7692731221516927,-0.058898039938261114,-0.06608752983932693,144.0,11.0,8.0,ascat
D34,2026-03-20,-67.13575,81.98835,88.0,-2.282613754272461,1.4174823760986328,-0.010269562248140574,-0.005786915135104209,48.0,11.0,8.0,nic
D34,2026-03-22,-67.1115,81.9267,88.0,2.853320360183716,3.5891475677490234,0.005174372810870409,0.022026428254321218,48.0,11.0,8.0,ascat
D34,2026-03-24,-67.1115,81.9267,88.0,-0.2842979431152344,1.2180213928222656,-0.03164059016853571,-0.039831528440117836,48.0,11.0,8.0,ascat
D34,2026-03-26,-67.1115,81.9267,88.0,-10.653299331665039,-1.3083515167236328,-0.05646254541352391,-0.044453807175159454,48.0,11.0,8.0,ascat
D34,2026-03-28,-67.1115,81.9267,88.0,-8.229394912719727,-1.3102703094482422,-0.043953857850283384,-0.08052016887813807,48.0,11.0,8.0,ascat
D34,2026-04-01,-67.1115,81.9267,88.0,-8.360006332397461,-1.8012685775756836,-0.027253760490566492,-0.05045783892273903,96.0,11.0,8.0,ascat
D34,2026-04-03,-67.1115,81.9267,88.0,-5.25048828125,0.4061126708984375,-0.030837088357657194,-0.04325492959469557,48.0,11.0,8.0,ascat
D34,2026-04-05,-67.1115,81.9267,88.0,0.22283363342285156,2.1127758026123047,-0.00666946527780965,-0.014784378930926323,48.0,11.0,8.0,ascat
D34,2026-04-07,-67.1115,81.9267,88.0,-0.517242431640625,1.749917984008789,-0.004455077345483005,-0.01652100239880383,48.0,11.0,8.0,ascat
D34,2026-04-09,-67.16,82.05,88.0,-6.28803825378418,-0.16159629821777344,-0.0467201501596719,-0.03875955264084041,48.0,11.0,8.0,nic
D34,2026-04-11,-67.1115,81.9267,88.0,-16.34107208251953,-4.920642852783203,-0.048989583272486925,-0.07905664388090372,48.0,11.0,8.0,ascat
D34,2026-04-15,-67.1115,81.9267,88.0,-4.68704891204834,0.16875171661376953,-0.02049994919798337,-0.017788115772418678,96.0,11.0,8.0,ascat
D34,2026-04-17,-67.1115,81.9267,88.0,-5.698995590209961,1.9642105102539062,-0.042725623585283756,-0.005977266584523022,48.0,11.0,8.0,ascat
D34,2026-04-19,-67.1115,81.9267,88.0,-2.358663558959961,1.9661865234375,-0.004114231094717979,-0.012776183313690126,48.0,11.0,8.0,ascat
D34,2026-04-21,-67.1115,81.9267,88.0,3.2551212310791016,2.054006576538086,0.0062138675566529855,-0.010838379268534482,48.0,11.0,8.0,ascat
D35,2026-01-01,-68.21005,-46.46015,168.0,-1.2778472900390625,4.6439208984375,-0.14660774171352386,0.14771300554275513,,28.0,6.0,ascat
D35,2026-01-03,-68.1092,-46.6232,168.0,0.6855945587158203,6.132892608642578,-0.11588271893560886,0.12662510946393013,48.0,28.0,6.0,ascat
D35,2026-01-05,-67.9464,-46.742,168.0,2.8606510162353516,4.852563858032227,-0.029658082639798522,0.09824712667614222,48.0,28.0,6.0,ascat
D35,2026-01-09,-67.6897,-46.8051,168.0,2.6374359130859375,4.060816764831543,-0.047514735255390406,0.13255194760859013,96.0,28.0,6.0,ascat
D35,2026-01-15,-67.39,-46.51,168.0,3.4863338470458984,-0.6404984792073568,0.005596718556868534,0.07227507249141733,144.0,28.0,6.0,nic
D35,2026-01-17,-67.2174,-46.8093,168.0,-0.7219715118408203,2.910247802734375,-0.13119005784392357,0.07286752620711923,48.0,28.0,6.0,ascat
D35,2026-01-19,-67.15315000000001,-46.951,168.0,1.9687557220458984,7.272062301635742,-0.08764747343957424,0.092886196449399,48.0,28.0,6.0,ascat
D35,2026-01-21,-67.1928,-46.9774,168.0,1.0615501403808594,-1.1083831787109375,-0.005380625370889902,0.01905888319015503,48.0,28.0,6.0,ascat
D35,2026-01-23,-67.1428,-47.16435,168.0,-2.2662506103515625,-0.70867919921875,-0.053473934065550566,-0.022490165196359158,48.0,28.0,6.0,ascat
D35,2026-01-25,-67.1527,-47.512,168.0,-1.7438163757324219,-1.4578971862792969,-0.039166821632534266,-0.02245028642937541,48.0,28.0,6.0,ascat
D35,2026-01-27,-67.1425,-47.6239,168.0,-3.837390899658203,-1.0379772186279297,0.012865994358435273,-0.020419570617377758,48.0,28.0,6.0,ascat
D35,2026-01-29,-67.2581,-47.366,168.0,0.6546039581298828,-6.250438690185547,0.088352479506284,0.021536930464208126,48.0,28.0,6.0,ascat
D35,2026-01-31,-67.14635000000001,-47.1659,168.0,4.978918075561523,-1.7808818817138672,0.03802468813955784,0.08605385944247246,48.0,28.0,6.0,ascat
D35,2026-02-02,-66.9792,-47.1487,168.0,6.436958312988281,1.7245311737060547,-0.015031986520625651,0.0976710133254528,48.0,28.0,6.0,ascat
D35,2026-02-06,-66.74154999999999,-47.805,168.0,4.124987602233887,4.632837295532227,-0.02155029252753593,0.06896150601096451,96.0,28.0,6.0,nic
D35,2026-02-08,-66.6276,-47.9382,168.0,1.23370361328125,3.386209487915039,-0.03809936862671748,0.0323974690400064,48.0,28.0,6.0,ascat
D35,2026-02-10,-66.612,-47.96065,168.0,2.1569786071777344,4.727811813354492,-0.07625566236674786,0.07684759888797998,48.0,28.0,6.0,ascat
D35,2026-02-12,-66.3342,-48.1744,168.0,5.242177963256836,5.937566757202148,-0.0627536429092288,0.12371879629790783,48.0,28.0,6.0,ascat
D35,2026-02-14,-66.2285,-48.2303,168.0,2.7248096466064453,6.516326904296875,-0.05017507681623101,0.0977505724877119,48.0,28.0,6.0,ascat
D35,2026-02-18,-66.1167,-48.31,168.0,3.715569496154785,-1.4252805709838867,0.022797599231125787,0.0663223477313295,96.0,28.0,6.0,ascat
D35,2026-02-20,-66.1167,-48.31,168.0,-2.7369728088378906,-2.1395416259765625,0.011882801481988281,-0.0058490196242928505,48.0,28.0,6.0,ascat
D35,2026-02-22,-66.1453,-48.2725,168.0,-0.8974761962890625,-6.839595794677734,0.09854546934366226,0.016254216548986733,48.0,28.0,6.0,ascat
D35,2026-02-26,-66.06,-48.24,168.0,2.290724754333496,-0.6939067840576172,-0.015988423489034176,0.04605593680025777,96.0,28.0,6.0,nic
D35,2026-03-12,-65.8188,-48.2356,168.0,1.7820618947347004,1.5007527669270833,-0.002384071995038539,0.05778504783908526,144.0,28.0,6.0,ascat
D35,2026-03-14,-65.821,-48.2416,168.0,3.333395004272461,-4.069494247436523,0.05560094304382801,0.0570509135723114,48.0,28.0,6.0,ascat
D35,2026-03-16,-65.8043,-48.1959,168.0,3.3363876342773438,-4.083019256591797,0.026006849948316813,0.04077773028984666,48.0,28.0,6.0,ascat
D35,2026-03-20,-65.7023,-48.08295,168.0,0.5348777770996094,2.829787254333496,-0.03371006320230663,0.056976173305884004,96.0,28.0,6.0,nic
D35,2026-03-24,-65.6511,-47.9343,168.0,2.939219117164612,-4.460104942321777,0.03801326811662875,0.030202136666048318,96.0,28.0,6.0,ascat
D35,2026-03-26,-65.64735,-47.91935,168.0,-0.6194858551025391,-6.109254837036133,0.02985172951593995,0.010003398638218641,48.0,28.0,6.0,ascat
D35,2026-04-01,-65.3204,-48.41745,168.0,1.7893072764078777,0.49603907267252606,-0.029274838666121166,0.034797659143805504,144.0,28.0,6.0,ascat
D35,2026-04-03,-65.32155,-48.637950000000004,168.0,-10.901123046875,0.8958587646484375,-0.1122753843665123,-0.05369535740464926,48.0,28.0,6.0,ascat
D35,2026-04-05,-65.3198,-48.7581,168.0,-2.6004085540771484,0.6705150604248047,-0.02431363088544458,0.0162978203734383,48.0,28.0,6.0,ascat
D35,2026-04-07,-65.364,-48.7679,168.0,-4.802642822265625,-4.595296859741211,-0.03656079201027751,-0.053617571014910936,48.0,28.0,6.0,ascat
D35,2026-04-09,-65.38725,-48.80945,168.0,-9.11408805847168,-1.2378902435302734,-0.07089878339320421,-0.02586079790489748,48.0,28.0,6.0,ascat
D35,2026-04-11,-65.4919,-48.9764,168.0,-5.785652160644531,0.9046745300292969,-0.05390006408561021,-0.015230036107823253,48.0,28.0,6.0,ascat
D35,2026-04-13,-65.5596,-49.1099,168.0,-2.1254043579101562,-5.346744537353516,0.02339939377270639,-0.048380091320723295,48.0,28.0,6.0,ascat
D35,2026-04-15,-65.56935,-49.085350000000005,168.0,3.1565914154052734,-5.833332061767578,0.03502054139971733,0.035837056348100305,48.0,28.0,6.0,ascat
D35,2026-04-17,-65.5044,-49.017250000000004,168.0,2.209207534790039,-3.6821517944335938,0.03857186622917652,0.03676334809279069,48.0,28.0,6.0,ascat
D35,2026-04-19,-65.38675,-48.914550000000006,168.0,3.675760269165039,-3.6405029296875,0.03308287308027502,0.042842510621994734,48.0,28.0,6.0,ascat
D35,2026-04-21,-65.31105,-48.800650000000005,168.0,0.5609073638916016,-1.590158462524414,-0.014574659988284111,0.03884146688506007,48.0,28.0,6.0,ascat
D37,2026-01-01,-69.2137,36.3458,210.0,-0.3100738525390625,3.6488037109375,-0.07660602033138275,-0.005221482366323471,,30.0,7.0,ascat
D37,2026-01-03,-69.2137,36.3458,210.0,-2.4287853240966797,0.7989082336425781,-0.034300707280635834,0.0066023546969518065,48.0,30.0,7.0,ascat
D37,2026-01-05,-69.2137,36.3458,210.0,-3.2979183197021484,0.42238807678222656,-0.025262027978897095,-0.00657952792244032,48.0,30.0,7.0,ascat
D37,2026-01-07,-69.2137,36.3458,210.0,-4.561702728271484,1.0223560333251953,-0.02675027074292302,0.0029769306420348585,48.0,30.0,7.0,ascat
D37,2026-01-09,-69.21185,36.347899999999996,210.0,-3.0709495544433594,1.6540355682373047,-0.020814516465179622,0.005850228015333414,48.0,30.0,7.0,nic
D37,2026-01-13,-69.2137,36.3458,210.0,0.7086429595947266,0.47488975524902344,-0.005899012088775635,0.006851257407106459,96.0,30.0,7.0,ascat
D37,2026-01-15,-69.2137,36.3458,210.0,4.562053680419922,0.9692878723144531,0.01072565617505461,0.048431730363518,48.0,30.0,7.0,ascat
D37,2026-01-17,-69.2137,36.3458,210.0,1.0159435272216797,1.201141357421875,-0.01943460199981928,0.02696936996653676,48.0,30.0,7.0,ascat
D37,2026-01-23,-69.21,36.35,210.0,-6.203118006388347,0.0484155019124349,-0.01711282894636194,-0.005091239543010791,144.0,30.0,7.0,nic
D37,2026-01-29,-69.21,36.35,210.0,-6.851308186848958,-0.047444661458333336,-0.008092740851376826,-0.0002251780970254913,144.0,30.0,7.0,nic
D37,2026-02-04,-69.214,36.346,210.0,-3.5907160441080728,0.021640777587890625,-0.018737377317544695,0.020478792100523908,144.0,30.0,7.0,ascat
D37,2026-02-06,-69.21199999999999,36.348,210.0,-3.0902633666992188,2.956998825073242,-0.04600088717415929,0.022277876269072294,48.0,30.0,7.0,nic
D37,2026-02-10,-69.214,36.346,210.0,-2.3826990127563477,2.253774642944336,-0.020342794596217573,0.0024003644357435405,96.0,30.0,7.0,ascat
D37,2026-02-12,-69.214,36.346,210.0,-6.947641372680664,0.18219566345214844,-0.009597182273864746,-0.02385987713932991,48.0,30.0,7.0,ascat
D37,2026-02-14,-69.214,36.346,210.0,-4.505537033081055,1.934295654296875,-0.006277826032601297,-0.007764588270219974,48.0,30.0,7.0,ascat
D37,2026-02-18,-69.21,36.35,210.0,-2.528876304626465,1.7596559524536133,-0.0010981152627209667,-0.008256641394837061,96.0,30.0,7.0,nic
D37,2026-02-20,-69.214,36.346,210.0,-4.755649566650391,1.7997894287109375,-0.0041899349889718,-0.01571528986096382,48.0,30.0,7.0,ascat
D37,2026-02-22,-69.214,36.346,210.0,-7.2285308837890625,4.710330963134766,-0.008379507577046752,-0.013084660313325003,48.0,30.0,7.0,ascat
D37,2026-02-24,-69.214,36.346,210.0,-0.7601413726806641,3.2857818603515625,-0.01141694001853466,0.01190234484965913,48.0,30.0,7.0,ascat
D37,2026-02-26,-69.214,36.346,210.0,-0.216156005859375,2.0189056396484375,-0.015972485532984138,0.026546677108854055,48.0,30.0,7.0,ascat
D37,2026-02-28,-69.214,36.346,210.0,-2.0351085662841797,2.921234130859375,-0.019820037530735135,0.018029921586276032,48.0,30.0,7.0,ascat
D37,2026-03-02,-69.214,36.346,210.0,-3.9639930725097656,2.0538902282714844,-0.025134932715445757,0.005023196674301289,48.0,30.0,7.0,ascat
D37,2026-03-04,-69.214,36.346,210.0,-8.709373474121094,-3.1133251190185547,-0.05066754762083292,-0.019204932410502806,48.0,30.0,7.0,ascat
D37,2026-03-06,-69.214,36.346,210.0,-7.633260726928711,-7.423555374145508,-0.011296329088509083,-0.0002568174386397004,48.0,30.0,7.0,ascat
D37,2026-03-08,-69.214,36.346,210.0,-5.477563858032227,2.3142242431640625,-0.018540156539529562,0.03195659723132849,48.0,30.0,7.0,ascat
D37,2026-03-10,-69.214,36.346,210.0,-1.1846275329589844,0.8007431030273438,-0.007792923832312226,0.02630898021743633,48.0,30.0,7.0,ascat
D37,2026-03-12,-69.21,36.35,210.0,3.2970619201660156,1.130300521850586,-0.048542343778535724,0.016507699678186327,48.0,30.0,7.0,nic
D37,2026-03-16,-69.214,36.346,210.0,-5.589313507080078,2.126278877258301,-0.05746073265618179,0.026603715494275093,96.0,30.0,7.0,ascat
D37,2026-03-18,-69.214,36.346,210.0,-4.745002746582031,-0.48136329650878906,-0.014464095496805385,0.023171622771769762,48.0,30.0,7.0,ascat
D37,2026-03-20,-69.21,36.35,210.0,-9.712179183959961,-5.269041061401367,-0.04523794772103429,0.0010935114696621895,48.0,30.0,7.0,nic
D37,2026-03-26,-69.21,36.35,210.0,-6.108417113622029,-1.038082758585612,-0.035526047771175705,0.015401617682073265,144.0,30.0,7.0,nic
D37,2026-04-01,-69.214,36.346,210.0,-3.491861343383789,2.969793955485026,-0.04487480393921336,0.012617653662649294,144.0,30.0,7.0,ascat
D37,2026-04-03,-69.21199999999999,36.348,210.0,-7.60986328125,-4.3592681884765625,-0.04348645452409983,0.013475740095600486,48.0,30.0,7.0,nic
D37,2026-04-07,-69.214,36.346,210.0,-8.782258033752441,2.2780017852783203,-0.04116458538919687,0.020642787727410905,96.0,30.0,7.0,ascat
D37,2026-04-09,-69.214,36.346,210.0,-5.79157829284668,2.2916507720947266,-0.01218001576489769,0.003355405613547191,48.0,30.0,7.0,ascat
D37,2026-04-11,-69.214,36.346,210.0,-1.1453933715820312,3.536754608154297,-0.006298139080172405,0.017202198621816933,48.0,30.0,7.0,ascat
D37,2026-04-17,-69.214,36.346,210.0,-5.143553415934245,3.9276040395100913,-0.007979201967827976,0.0006533388902122775,144.0,30.0,7.0,ascat
D37,2026-04-19,-69.214,36.346,210.0,-6.262105941772461,5.4447021484375,-0.006796952453441918,-0.0025651365285739303,48.0,30.0,7.0,ascat
D37,2026-04-21,-69.214,36.346,210.0,-7.552862167358398,0.10930442810058594,-0.024092155741527677,0.014964967151172459,48.0,30.0,7.0,ascat
UK324,2026-01-01,-66.9899,149.1099,,0.8657073974609375,-1.1646728515625,0.011761078611016273,0.0034089458640664816,,,,ascat
UK324,2026-01-03,-66.9899,149.1099,,2.8501453399658203,-1.3767509460449219,0.005836457945406437,0.010243821365293115,48.0,,,ascat
UK324,2026-01-05,-66.9899,149.1099,,-3.6591243743896484,0.20791053771972656,-0.0557118090800941,-0.09787197643890977,48.0,,,ascat
UK324,2026-01-07,-67.03635,149.24375,,-7.286312103271484,3.8072681427001953,-0.13151817582547665,-0.07944693975150585,48.0,,,ascat
UK324,2026-01-09,-67.02445,149.2913,,-4.667751312255859,3.4518871307373047,-0.06155322305858135,-0.010227913968265057,48.0,,,ascat
UK324,2026-01-11,-66.9548,149.1619,,3.276426315307617,-2.359325408935547,0.005132786463946104,0.012171083129942417,48.0,,,ascat
UK324,2026-01-13,-67.04285,149.3438,,-3.3708839416503906,1.6907672882080078,-0.07247016798646655,-0.04394993046298623,48.0,,,ascat
UK324,2026-01-15,-66.9992,148.9254,,4.014568328857422,1.2352790832519531,0.01218106695159804,0.07271444238722324,48.0,,,ascat
UK324,2026-01-17,-66.9992,148.9254,,5.06794548034668,2.003753662109375,0.01654681890795473,0.08362155966460705,48.0,,,ascat
UK324,2026-01-19,-67.1309,149.5257,,8.108282089233398,4.529264450073242,-0.027161305719346274,0.1235010577365756,48.0,,,ascat
UK324,2026-01-21,-67.1309,149.5257,,2.7989768981933594,2.4964752197265625,-0.02134135691449046,0.02230491302907467,48.0,,,ascat
UK324,2026-01-23,-67.1309,149.5257,,3.8521575927734375,1.41925048828125,0.018037889152765274,0.06531134154647589,48.0,,,ascat
UK324,2026-01-29,-67.1309,149.5257,,2.0090433756510415,-0.5437418619791666,0.019790530980875094,0.025707236879194777,144.0,,,ascat
UK324,2026-01-31,-67.1309,149.5257,,2.0692501068115234,0.4049091339111328,0.00712111871689558,0.012003472540527582,48.0,,,ascat
UK324,2026-02-02,-67.1309,149.5257,,-2.8286666870117188,-0.9455127716064453,0.0089805549941957,-0.050115836784243584,48.0,,,ascat
UK324,2026-02-04,-67.06505,149.22555,,-3.656637191772461,1.4747276306152344,-0.0280392222921364,-0.05033034738153219,48.0,,,ascat
UK324,2026-02-06,-67.0039,148.8368,,1.8985061645507812,3.015714645385742,-0.06915367988403887,0.004734171903692186,48.0,,,ascat
UK324,2026-02-08,-67.09335,149.22895,,3.58953857421875,0.5374546051025391,0.017788689583539963,0.0632700715214014,48.0,,,ascat
UK324,2026-02-10,-67.0558,148.9322,,1.5222129821777344,-0.3715534210205078,-0.011974837398156524,0.003817837918177247,48.0,,,ascat
UK324,2026-02-12,-67.0593,149.0451,,-6.559091567993164,1.6267757415771484,-0.042408235487528145,-0.06485227774828672,48.0,,,ascat
UK324,2026-02-14,-67.1099,149.17759999999998,,3.2498340606689453,-3.707550048828125,0.07156962738372386,0.054803527193143964,48.0,,,ascat
UK324,2026-02-16,-67.1309,149.5257,,4.063289642333984,-4.949062347412109,0.06367107946425676,0.03632030787412077,48.0,,,ascat
UK324,2026-02-18,-67.1605,149.3101,,2.2670631408691406,0.5948352813720703,-0.03313210140913725,0.006570662400918081,48.0,,,ascat
UK324,2026-02-20,-67.1224,148.8771,,-10.56766128540039,1.0801849365234375,-0.07621366903185844,-0.0875095366500318,48.0,,,ascat
UK324,2026-02-22,-67.1224,148.8771,,-9.637100219726562,1.5711708068847656,-0.07736660353839397,-0.06211480684578419,48.0,,,ascat
UK324,2026-02-24,-67.1055,148.9033,,-7.719980239868164,-1.6066741943359375,-0.08270743675529957,-0.07659638300538063,48.0,,,ascat
UK324,2026-02-26,-67.1055,148.9033,,-7.207977294921875,2.5049896240234375,-0.09531091479584575,-0.023318541469052434,48.0,,,ascat
UK324,2026-02-28,-67.10895,148.9044,,-2.2323741912841797,1.091278076171875,-0.03284594902652316,0.005709031829610467,48.0,,,ascat
UK324,2026-03-02,-67.06805,148.903,,2.6826133728027344,1.1372642517089844,-0.020027640945045277,0.019410484470427036,48.0,,,ascat
UK324,2026-03-04,-67.0969,149.0527,,-4.502342224121094,-1.3826122283935547,-0.06834769528359175,-0.03004701796453446,48.0,,,ascat
UK324,2026-03-06,-67.0588,148.9068,,-2.712728500366211,3.131254196166992,-0.09723037946969271,-0.011042200232623145,48.0,,,ascat
UK324,2026-03-08,-67.0552,148.98975000000002,,-2.2566165924072266,-1.9813079833984375,-0.0378145738504827,-0.011413380590965971,48.0,,,ascat
UK324,2026-03-10,-67.0516,149.0727,,1.7952308654785156,-6.249183654785156,0.02273180946940556,-0.017505902098491788,48.0,,,ascat
UK324,2026-03-12,-67.03819999999999,149.08929999999998,,0.9850502014160156,-0.019723892211914062,-0.014512630354147404,0.03183624939993024,48.0,,,ascat
UK324,2026-03-14,-67.0248,149.1059,,3.611593246459961,1.3389530181884766,-0.033564226469025016,0.014293961925432086,48.0,,,ascat
UK324,2026-03-16,-66.9767,149.0045,,1.4184188842773438,-1.1861686706542969,-0.032272569835186005,-0.0067640445195138454,48.0,,,ascat
UK324,2026-03-20,-67.1212,148.839,,-2.0839576721191406,2.629591941833496,-0.08117022295482457,-0.00026196904946118593,96.0,,,ascat
UK324,2026-03-22,-67.11095,148.79559999999998,,1.3833496570587158,2.3935909271240234,-0.03255171701312065,0.0422087199985981,48.0,,,ascat
UK324,2026-03-24,-67.1007,148.7522,,5.371463775634766,2.7679481506347656,-0.012053172569721937,0.07478921464644372,48.0,,,ascat
UK324,2026-03-26,-67.1007,148.7522,,3.321554183959961,-4.107667922973633,0.004924993962049484,-0.0030508378986269236,48.0,,,ascat
UK324,2026-03-28,-67.1007,148.7522,,-3.0625247955322266,3.839143753051758,-0.12193549051880836,0.024494437035173178,48.0,,,ascat
UK324,2026-03-30,-67.0735,148.7351,,-4.827850341796875,7.68122673034668,-0.11280166124925017,0.013741775881499052,48.0,,,ascat
UK324,2026-04-01,-67.0735,148.7351,,2.1783580780029297,4.194099426269531,-0.04898552340455353,0.06434214534237981,48.0,,,ascat
UK324,2026-04-03,-67.0735,148.7351,,-7.45947265625,9.650741577148438,-0.15052194241434336,0.033359217923134565,48.0,,,ascat
UK324,2026-04-05,-67.0735,148.7351,,0.7727603912353516,5.532331466674805,-0.03341090795584023,0.054174878634512424,48.0,,,ascat
UK324,2026-04-07,-67.0735,148.7351,,3.436004638671875,5.307657241821289,-0.05010346253402531,0.06367492116987705,48.0,,,ascat
UK324,2026-04-09,-67.0735,148.7351,,-0.4373302459716797,5.260889053344727,-0.06506459694355726,0.03876585606485605,48.0,,,ascat
UK324,2026-04-11,-67.0633,148.6919,,-3.0869216918945312,7.466442108154297,-0.10300120525062084,0.05452292552217841,48.0,,,ascat
UK324,2026-04-13,-67.0633,148.6919,,-1.1079483032226562,7.454891204833984,-0.05223888030741364,0.035880297888070345,48.0,,,ascat
UK324,2026-04-15,-67.053,148.64865,,1.9355220794677734,3.665447235107422,-0.03625386452767998,0.040393618401139975,48.0,,,ascat
UK324,2026-04-17,-67.0427,148.6054,,0.42527198791503906,3.5689468383789062,-0.04214748810045421,0.02980842557735741,48.0,,,ascat
UK324,2026-04-19,-66.98265,148.79855,,3.334817886352539,2.5380859375,-0.018812303722370416,0.030988023383542895,48.0,,,ascat
UK324,2026-04-21,-67.0342,148.7371,,-0.21838951110839844,1.157278060913086,-0.028670032043009996,0.00819574564229697,48.0,,,ascat
